timestamp,open,high,low,close,volume
2026-07-19 06:45:00,64705.1,64712.3,64670.9,64683.0,86.738
2026-07-19 06:50:00,64683.1,64695.6,64678.5,64687.2,53.387
2026-07-19 06:55:00,64687.2,64693.3,64682.2,64682.3,53.479
2026-07-19 07:00:00,64682.2,64697.4,64678.1,64678.2,77.931
2026-07-19 07:05:00,64678.1,64678.1,64666.0,64666.0,131.962
2026-07-19 07:10:00,64666.0,64666.5,64659.2,64664.7,87.208
2026-07-19 07:15:00,64664.8,64675.0,64661.3,64675.0,68.455
2026-07-19 07:20:00,64674.9,64691.9,64674.9,64691.9,98.117
2026-07-19 07:25:00,64691.9,64698.6,64684.9,64696.1,99.533
2026-07-19 07:30:00,64696.2,64696.2,64681.4,64692.5,91.81
2026-07-19 07:35:00,64692.4,64729.2,64686.0,64717.7,188.266
2026-07-19 07:40:00,64717.6,64759.3,64717.6,64744.3,248.693
2026-07-19 07:45:00,64744.3,64744.3,64687.3,64690.6,207.559
2026-07-19 07:50:00,64690.7,64709.4,64684.1,64689.5,187.562
2026-07-19 07:55:00,64689.5,64698.9,64643.4,64692.2,431.291
2026-07-19 08:00:00,64692.1,64698.0,64645.0,64670.0,213.387
2026-07-19 08:05:00,64669.9,64670.3,64638.7,64664.0,232.728
2026-07-19 08:10:00,64664.1,64706.5,64654.0,64678.7,284.522
2026-07-19 08:15:00,64678.7,64678.7,64628.4,64637.9,165.011
2026-07-19 08:20:00,64637.8,64640.6,64600.0,64631.5,296.6
2026-07-19 08:25:00,64631.5,64654.9,64630.7,64636.5,162.701
2026-07-19 08:30:00,64636.5,64653.2,64636.5,64636.7,101.519
2026-07-19 08:35:00,64636.6,64638.8,64610.0,64627.6,133.846
2026-07-19 08:40:00,64627.7,64638.1,64616.7,64627.5,87.878
2026-07-19 08:45:00,64627.6,64680.9,64627.5,64680.4,122.176
2026-07-19 08:50:00,64680.4,64723.5,64665.4,64669.4,173.995
2026-07-19 08:55:00,64669.4,64685.0,64661.0,64678.1,89.84
2026-07-19 09:00:00,64678.2,64694.0,64678.0,64686.1,117.346
2026-07-19 09:05:00,64686.1,64691.2,64645.8,64645.8,72.633
2026-07-19 09:10:00,64645.9,64650.6,64620.0,64620.0,122.076
2026-07-19 09:15:00,64620.1,64620.1,64522.6,64552.6,644.334
2026-07-19 09:20:00,64552.5,64556.1,64533.3,64540.4,230.966
2026-07-19 09:25:00,64540.4,64556.1,64540.4,64556.0,93.841
2026-07-19 09:30:00,64556.0,64580.7,64550.0,64552.6,230.188
2026-07-19 09:35:00,64552.5,64572.0,64480.0,64480.8,549.531
2026-07-19 09:40:00,64480.8,64511.8,64467.2,64494.6,495.953
2026-07-19 09:45:00,64494.7,64521.4,64487.8,64518.5,179.842
2026-07-19 09:50:00,64518.5,64522.0,64488.4,64491.1,165.02
2026-07-19 09:55:00,64491.0,64505.0,64479.1,64495.2,276.246
2026-07-19 10:00:00,64495.1,64540.7,64454.6,64540.7,420.161
2026-07-19 10:05:00,64540.7,64540.7,64512.0,64513.5,192.595
2026-07-19 10:10:00,64513.5,64576.0,64513.5,64546.8,198.767
2026-07-19 10:15:00,64546.8,64573.4,64546.7,64573.4,91.496
2026-07-19 10:20:00,64573.4,64584.2,64561.6,64573.9,137.106
2026-07-19 10:25:00,64573.9,64605.2,64558.2,64604.4,141.56
2026-07-19 10:30:00,64604.4,64610.8,64586.8,64603.6,181.51
2026-07-19 10:35:00,64603.5,64624.9,64592.1,64614.3,150.99
2026-07-19 10:40:00,64614.3,64656.9,64614.2,64645.1,161.598
2026-07-19 10:45:00,64645.0,64677.7,64610.5,64610.6,357.944
2026-07-19 10:50:00,64610.5,64610.7,64564.1,64567.4,329.321
2026-07-19 10:55:00,64567.4,64576.3,64537.0,64561.4,337.532
2026-07-19 11:00:00,64561.4,64561.5,64468.3,64531.3,573.035
2026-07-19 11:05:00,64531.4,64606.0,64530.8,64581.6,261.866
2026-07-19 11:10:00,64581.6,64588.4,64544.6,64559.3,120.271
2026-07-19 11:15:00,64559.4,64591.6,64545.2,64591.6,102.63
2026-07-19 11:20:00,64591.6,64610.0,64560.1,64560.1,258.525
2026-07-19 11:25:00,64560.1,64560.1,64500.0,64524.1,162.984
2026-07-19 11:30:00,64524.0,64531.5,64505.0,64519.0,105.974
2026-07-19 11:35:00,64519.1,64531.1,64486.4,64494.4,96.557
2026-07-19 11:40:00,64494.5,64504.4,64480.0,64504.4,139.715
2026-07-19 11:45:00,64504.4,64516.4,64462.9,64462.9,173.699
2026-07-19 11:50:00,64463.0,64470.4,64440.7,64440.8,388.888
2026-07-19 11:55:00,64440.8,64449.4,64415.0,64445.7,364.797
2026-07-19 12:00:00,64445.7,64445.7,64401.0,64401.0,388.18
2026-07-19 12:05:00,64401.0,64403.4,64342.6,64343.6,728.619
2026-07-19 12:10:00,64343.6,64356.5,64318.7,64318.7,388.389
2026-07-19 12:15:00,64318.8,64369.2,64310.0,64331.4,334.596
2026-07-19 12:20:00,64331.5,64414.0,64320.0,64414.0,489.148
2026-07-19 12:25:00,64414.0,64427.0,64259.5,64288.0,986.423
2026-07-19 12:30:00,64287.9,64372.0,64280.0,64338.0,348.567
2026-07-19 12:35:00,64337.9,64418.7,64337.9,64393.3,395.526
2026-07-19 12:40:00,64393.3,64393.3,64342.9,64384.9,322.187
2026-07-19 12:45:00,64384.9,64384.9,64318.0,64341.3,202.381
2026-07-19 12:50:00,64341.3,64428.5,64341.3,64402.1,225.061
2026-07-19 12:55:00,64402.0,64431.9,64402.0,64417.5,150.427
2026-07-19 13:00:00,64417.4,64433.5,64333.3,64356.3,323.32
2026-07-19 13:05:00,64356.4,64370.4,64330.9,64357.1,104.759
2026-07-19 13:10:00,64357.1,64357.1,64320.0,64335.5,86.159
2026-07-19 13:15:00,64335.6,64361.1,64273.4,64306.3,270.952
2026-07-19 13:20:00,64306.4,64345.9,64300.0,64336.1,211.583
2026-07-19 13:25:00,64336.0,64397.8,64336.0,64383.6,121.884
2026-07-19 13:30:00,64383.6,64455.7,64383.6,64416.0,253.185
2026-07-19 13:35:00,64416.0,64426.9,64382.7,64395.5,94.201
2026-07-19 13:40:00,64395.4,64410.2,64379.7,64393.8,77.257
2026-07-19 13:45:00,64393.7,64448.2,64383.9,64448.1,227.178
2026-07-19 13:50:00,64448.1,64497.9,64448.0,64473.5,282.904
2026-07-19 13:55:00,64473.4,64477.0,64446.0,64453.0,166.371
2026-07-19 14:00:00,64453.0,64509.7,64446.2,64505.1,244.914
2026-07-19 14:05:00,64505.0,64505.1,64473.0,64474.6,101.759
2026-07-19 14:10:00,64474.6,64534.7,64471.0,64517.6,245.401
2026-07-19 14:15:00,64517.5,64533.2,64444.0,64475.1,251.621
2026-07-19 14:20:00,64475.0,64475.1,64404.0,64413.2,153.244
2026-07-19 14:25:00,64413.3,64457.3,64389.0,64437.0,139.996
2026-07-19 14:30:00,64437.1,64488.0,64421.4,64486.6,105.057
2026-07-19 14:35:00,64486.5,64523.9,64440.9,64477.5,230.169
2026-07-19 14:40:00,64477.5,64500.0,64449.0,64500.0,72.756
2026-07-19 14:45:00,64500.0,64591.9,64495.8,64589.6,360.956
2026-07-19 14:50:00,64589.5,64633.0,64549.5,64567.4,424.475
2026-07-19 14:55:00,64567.4,64579.4,64537.5,64561.1,125.494
2026-07-19 15:00:00,64561.0,64594.7,64541.5,64541.5,157.906
2026-07-19 15:05:00,64541.5,64553.3,64508.1,64508.1,149.903
2026-07-19 15:10:00,64508.1,64551.0,64500.0,64551.0,113.867
2026-07-19 15:15:00,64550.9,64569.8,64505.3,64525.1,138.924
2026-07-19 15:20:00,64525.1,64525.1,64483.0,64504.4,280.937
2026-07-19 15:25:00,64504.4,64514.2,64468.0,64480.0,87.979
2026-07-19 15:30:00,64480.1,64500.0,64466.6,64470.2,117.503
2026-07-19 15:35:00,64470.1,64541.5,64470.1,64535.8,130.922
2026-07-19 15:40:00,64535.7,64559.4,64535.7,64536.1,156.816
2026-07-19 15:45:00,64536.0,64552.5,64524.8,64533.3,118.38
2026-07-19 15:50:00,64533.4,64560.0,64508.2,64556.3,108.057
2026-07-19 15:55:00,64556.3,64556.3,64527.0,64545.2,55.185
2026-07-19 16:00:00,64545.3,64579.2,64485.4,64579.2,145.844
2026-07-19 16:05:00,64579.2,64624.8,64474.2,64508.8,283.839
2026-07-19 16:10:00,64508.9,64527.1,64492.8,64523.1,91.836
2026-07-19 16:15:00,64523.1,64544.6,64483.3,64544.5,131.708
2026-07-19 16:20:00,64544.5,64603.1,64544.5,64590.0,165.943
2026-07-19 16:25:00,64590.0,64590.1,64558.9,64582.5,98.945
2026-07-19 16:30:00,64582.6,64585.8,64500.4,64511.7,127.785
2026-07-19 16:35:00,64511.6,64539.7,64498.7,64526.9,111.159
2026-07-19 16:40:00,64526.8,64580.6,64526.8,64577.6,69.013
2026-07-19 16:45:00,64577.6,64585.0,64556.6,64567.9,62.458
2026-07-19 16:50:00,64567.9,64567.9,64505.1,64505.1,99.182
2026-07-19 16:55:00,64505.1,64520.0,64490.3,64510.7,82.497
2026-07-19 17:00:00,64510.7,64540.1,64365.7,64524.0,817.438
2026-07-19 17:05:00,64524.0,64611.0,64513.2,64557.4,396.213
2026-07-19 17:10:00,64557.4,64671.0,64554.0,64670.9,677.797
2026-07-19 17:15:00,64671.0,64733.0,64599.9,64631.6,662.778
2026-07-19 17:20:00,64631.7,64671.0,64625.0,64646.6,272.129
2026-07-19 17:25:00,64646.6,64648.0,64614.4,64617.1,148.109
2026-07-19 17:30:00,64617.2,64700.2,64600.6,64640.4,220.219
2026-07-19 17:35:00,64640.4,64677.6,64640.3,64642.6,89.871
2026-07-19 17:40:00,64642.6,64642.7,64572.1,64592.4,147.717
2026-07-19 17:45:00,64592.5,64592.5,64557.2,64564.9,152.952
2026-07-19 17:50:00,64565.0,64576.6,64529.9,64547.5,200.487
2026-07-19 17:55:00,64547.5,64553.5,64505.7,64520.0,171.424
2026-07-19 18:00:00,64520.0,64529.1,64430.0,64451.8,366.908
2026-07-19 18:05:00,64451.8,64452.7,64262.9,64411.2,1164.897
2026-07-19 18:10:00,64411.2,64481.9,64409.2,64447.9,253.107
2026-07-19 18:15:00,64447.9,64458.0,64402.0,64457.9,143.659
2026-07-19 18:20:00,64457.9,64466.5,64408.3,64466.5,244.335
2026-07-19 18:25:00,64466.4,64466.5,64366.0,64369.3,333.363
2026-07-19 18:30:00,64369.2,64416.7,64318.0,64407.4,284.419
2026-07-19 18:35:00,64407.5,64420.0,64400.0,64420.0,61.125
2026-07-19 18:40:00,64420.0,64420.0,64400.0,64400.0,60.371
2026-07-19 18:45:00,64400.1,64420.0,64356.3,64417.9,180.054
2026-07-19 18:50:00,64417.9,64417.9,64349.0,64353.3,174.023
2026-07-19 18:55:00,64353.3,64399.8,64336.5,64399.8,176.048
2026-07-19 19:00:00,64399.8,64408.2,64319.5,64360.9,232.989
2026-07-19 19:05:00,64360.8,64440.0,64360.8,64440.0,107.36
2026-07-19 19:10:00,64440.0,64440.0,64407.7,64428.7,71.132
2026-07-19 19:15:00,64428.7,64442.2,64408.6,64411.0,57.757
2026-07-19 19:20:00,64411.0,64421.9,64394.1,64398.3,56.481
2026-07-19 19:25:00,64398.4,64420.6,64392.0,64415.3,40.749
2026-07-19 19:30:00,64415.4,64415.4,64387.3,64394.8,49.613
2026-07-19 19:35:00,64394.7,64436.8,64392.9,64392.9,66.968
2026-07-19 19:40:00,64392.9,64404.8,64382.0,64391.3,51.009
2026-07-19 19:45:00,64391.2,64391.3,64372.7,64385.3,94.561
2026-07-19 19:50:00,64385.2,64385.3,64359.5,64378.6,77.498
2026-07-19 19:55:00,64378.5,64440.2,64378.5,64438.1,179.053
2026-07-19 20:00:00,64438.1,64534.3,64438.0,64470.0,292.641
2026-07-19 20:05:00,64470.0,64494.1,64464.4,64489.2,108.938
2026-07-19 20:10:00,64489.3,64504.9,64467.3,64480.3,122.122
2026-07-19 20:15:00,64480.2,64481.8,64443.3,64462.4,57.711
2026-07-19 20:20:00,64462.3,64502.4,64446.1,64502.3,64.968
2026-07-19 20:25:00,64502.4,64502.4,64462.9,64462.9,33.006
2026-07-19 20:30:00,64463.0,64491.5,64463.0,64491.4,25.129
2026-07-19 20:35:00,64491.5,64510.6,64452.6,64468.8,94.485
2026-07-19 20:40:00,64468.8,64475.6,64451.0,64475.5,25.286
2026-07-19 20:45:00,64475.5,64489.6,64467.2,64475.1,49.352
2026-07-19 20:50:00,64475.2,64483.1,64465.6,64482.2,18.558
2026-07-19 20:55:00,64482.2,64516.0,64446.0,64515.9,167.12
2026-07-19 21:00:00,64516.0,64533.2,64503.3,64511.5,113.422
2026-07-19 21:05:00,64511.4,64511.5,64489.2,64489.2,35.211
2026-07-19 21:10:00,64489.3,64539.0,64462.8,64511.0,145.362
2026-07-19 21:15:00,64510.9,64514.8,64464.2,64464.2,47.126
2026-07-19 21:20:00,64464.3,64464.3,64443.2,64454.9,66.196
2026-07-19 21:25:00,64454.9,64454.9,64430.0,64449.9,41.799
2026-07-19 21:30:00,64450.0,64450.0,64390.4,64392.6,78.869
2026-07-19 21:35:00,64392.7,64411.3,64358.9,64400.0,156.006
2026-07-19 21:40:00,64399.9,64400.0,64320.0,64324.1,306.882
2026-07-19 21:45:00,64324.1,64377.4,64324.0,64374.3,128.753
2026-07-19 21:50:00,64374.3,64409.0,64346.2,64371.7,202.282
2026-07-19 21:55:00,64371.8,64393.7,64305.0,64393.7,355.111
2026-07-19 22:00:00,64393.6,64618.1,64342.7,64444.3,1228.086
2026-07-19 22:05:00,64444.3,64534.2,64319.3,64525.8,640.676
2026-07-19 22:10:00,64525.8,64660.0,64483.8,64633.5,654.698
2026-07-19 22:15:00,64633.6,64830.7,64633.5,64782.9,1551.665
2026-07-19 22:20:00,64783.0,64874.9,64710.6,64726.0,1018.6
2026-07-19 22:25:00,64726.1,64773.7,64710.1,64726.5,239.886
2026-07-19 22:30:00,64726.5,64770.4,64666.0,64715.9,382.497
2026-07-19 22:35:00,64715.8,64750.0,64653.4,64750.0,214.0
2026-07-19 22:40:00,64750.0,64790.0,64696.6,64777.3,191.417
2026-07-19 22:45:00,64777.2,64780.0,64697.2,64697.6,274.635
2026-07-19 22:50:00,64697.7,64697.7,64659.0,64670.1,155.359
2026-07-19 22:55:00,64670.1,64676.2,64635.0,64642.7,192.475
2026-07-19 23:00:00,64642.8,64655.1,64534.9,64576.9,470.619
2026-07-19 23:05:00,64577.0,64650.0,64558.0,64634.5,187.669
2026-07-19 23:10:00,64634.6,64685.9,64616.0,64669.6,205.486
2026-07-19 23:15:00,64669.7,64680.5,64606.0,64663.2,117.331
2026-07-19 23:20:00,64663.2,64663.2,64616.9,64662.7,210.244
2026-07-19 23:25:00,64662.6,64681.5,64618.0,64642.0,80.032
2026-07-19 23:30:00,64642.1,64729.7,64635.2,64719.9,164.64
2026-07-19 23:35:00,64719.8,64743.7,64612.9,64617.2,195.973
2026-07-19 23:40:00,64617.2,64720.0,64610.2,64720.0,102.949
2026-07-19 23:45:00,64720.0,64748.1,64633.0,64633.0,132.901
2026-07-19 23:50:00,64633.1,64695.4,64625.6,64655.7,85.438
2026-07-19 23:55:00,64655.7,64712.5,64654.4,64694.7,101.595
2026-07-20 00:00:00,64694.8,64702.3,64534.6,64609.3,499.189
2026-07-20 00:05:00,64609.2,64845.0,64609.2,64790.1,682.589
2026-07-20 00:10:00,64790.1,65039.8,64790.0,64987.5,2952.834
2026-07-20 00:15:00,64987.4,65084.6,64969.1,65024.4,1084.653
2026-07-20 00:20:00,65024.4,65024.5,64769.1,64892.0,877.243
2026-07-20 00:25:00,64891.9,64896.7,64819.7,64843.8,346.856
2026-07-20 00:30:00,64843.8,64850.0,64757.4,64764.4,432.969
2026-07-20 00:35:00,64764.4,64911.8,64756.5,64867.3,446.108
2026-07-20 00:40:00,64867.4,64901.6,64785.5,64785.5,260.439
2026-07-20 00:45:00,64785.6,64785.6,64600.0,64640.5,615.882
2026-07-20 00:50:00,64640.5,64644.3,64380.0,64557.7,1454.182
2026-07-20 00:55:00,64557.7,64565.0,64507.3,64526.0,244.523
2026-07-20 01:00:00,64526.0,64579.8,64473.0,64579.7,292.373
2026-07-20 01:05:00,64579.8,64986.0,64575.2,64969.8,1134.729
2026-07-20 01:10:00,64969.8,65011.0,64775.0,64775.2,1022.631
2026-07-20 01:15:00,64775.2,64811.5,64672.7,64681.3,392.533
2026-07-20 01:20:00,64681.4,64890.0,64657.0,64836.7,373.538
2026-07-20 01:25:00,64836.7,64923.6,64812.9,64820.7,291.334
2026-07-20 01:30:00,64820.7,64873.6,64800.2,64841.7,219.283
2026-07-20 01:35:00,64841.6,64903.8,64800.0,64857.6,208.705
2026-07-20 01:40:00,64857.6,64869.8,64668.8,64736.7,254.921
2026-07-20 01:45:00,64736.8,64754.7,64679.1,64738.2,159.035
2026-07-20 01:50:00,64738.1,64738.2,64487.9,64494.6,606.409
2026-07-20 01:55:00,64494.5,64608.3,64470.0,64594.7,523.242
2026-07-20 02:00:00,64594.7,64910.0,64588.8,64889.4,885.391
2026-07-20 02:05:00,64889.3,64920.0,64823.5,64892.0,509.35
2026-07-20 02:10:00,64892.0,64899.5,64794.5,64794.5,305.732
2026-07-20 02:15:00,64794.6,64804.6,64612.9,64620.4,371.309
2026-07-20 02:20:00,64620.3,64671.8,64551.6,64650.6,566.634
2026-07-20 02:25:00,64650.6,64683.7,64611.1,64637.3,305.598
2026-07-20 02:30:00,64637.3,64836.3,64626.1,64743.8,382.909
2026-07-20 02:35:00,64743.7,64794.1,64690.0,64710.3,155.201
2026-07-20 02:40:00,64710.4,64864.2,64696.7,64801.7,309.969
2026-07-20 02:45:00,64801.8,64940.0,64801.8,64886.7,637.917
2026-07-20 02:50:00,64886.7,64904.0,64806.0,64844.5,221.373
2026-07-20 02:55:00,64844.6,64868.2,64800.1,64800.1,110.935
2026-07-20 03:00:00,64800.1,64860.1,64796.6,64849.2,143.226
2026-07-20 03:05:00,64849.1,64852.4,64761.6,64783.1,174.442
2026-07-20 03:10:00,64783.2,64827.7,64742.9,64812.9,134.456
2026-07-20 03:15:00,64812.9,64860.1,64758.6,64758.7,125.933
2026-07-20 03:20:00,64758.6,64758.6,64633.9,64689.4,362.485
2026-07-20 03:25:00,64689.4,64689.4,64610.2,64650.4,330.582
2026-07-20 03:30:00,64650.3,64735.6,64628.5,64697.7,246.629
2026-07-20 03:35:00,64697.6,64817.2,64674.4,64779.8,183.294
2026-07-20 03:40:00,64779.8,64876.4,64756.2,64876.4,244.787
2026-07-20 03:45:00,64876.3,64887.0,64804.8,64845.9,256.55
2026-07-20 03:50:00,64846.0,64873.6,64820.6,64823.1,105.064
2026-07-20 03:55:00,64823.1,64839.4,64752.8,64839.4,271.18
2026-07-20 04:00:00,64839.3,64843.4,64768.4,64775.1,165.356
2026-07-20 04:05:00,64775.0,64775.1,64702.6,64710.9,140.476
2026-07-20 04:10:00,64710.9,64769.0,64670.0,64674.3,260.533
2026-07-20 04:15:00,64674.4,64679.5,64602.0,64646.7,355.088
2026-07-20 04:20:00,64646.7,64693.3,64630.8,64687.6,253.14
2026-07-20 04:25:00,64687.6,64757.0,64685.6,64733.6,129.549
2026-07-20 04:30:00,64733.6,64761.9,64689.8,64716.1,150.199
2026-07-20 04:35:00,64716.2,64789.9,64710.2,64737.5,176.506
2026-07-20 04:40:00,64737.5,64737.8,64673.4,64700.1,144.531
2026-07-20 04:45:00,64700.1,64704.2,64602.3,64621.3,539.779
2026-07-20 04:50:00,64621.3,64621.4,64503.0,64507.2,443.405
2026-07-20 04:55:00,64507.2,64560.6,64506.2,64511.3,350.113
2026-07-20 05:00:00,64511.4,64536.1,64409.3,64421.4,622.11
2026-07-20 05:05:00,64421.5,64465.0,64362.0,64385.1,527.807
2026-07-20 05:10:00,64385.0,64385.1,64046.0,64217.0,3030.423
2026-07-20 05:15:00,64217.0,64355.0,64157.2,64342.1,1080.409
2026-07-20 05:20:00,64342.1,64359.3,64056.5,64168.9,1068.376
2026-07-20 05:25:00,64168.9,64209.7,64133.1,64160.0,561.637
2026-07-20 05:30:00,64159.9,64207.2,64080.0,64145.7,635.603
2026-07-20 05:35:00,64145.7,64184.7,64100.0,64171.5,281.815
2026-07-20 05:40:00,64171.5,64232.5,64146.1,64178.9,369.167
2026-07-20 05:45:00,64178.9,64182.0,64120.0,64149.9,238.05
2026-07-20 05:50:00,64150.0,64161.5,64077.0,64085.7,420.902
2026-07-20 05:55:00,64085.8,64147.6,64068.9,64101.7,287.243
2026-07-20 06:00:00,64101.8,64139.9,64060.0,64119.9,406.622
2026-07-20 06:05:00,64120.0,64155.4,64052.0,64122.8,269.682
2026-07-20 06:10:00,64122.8,64173.1,64087.2,64170.0,287.389
2026-07-20 06:15:00,64169.9,64196.0,64112.0,64162.6,236.013
2026-07-20 06:20:00,64162.7,64198.3,64075.4,64075.4,230.349
2026-07-20 06:25:00,64075.4,64128.1,64064.9,64107.2,193.652
2026-07-20 06:30:00,64107.2,64130.0,63900.2,63979.9,2029.09
2026-07-20 06:35:00,63980.0,63999.9,63760.0,63919.5,2356.8
2026-07-20 06:40:00,63919.7,63919.7,63736.1,63793.7,1801.13
2026-07-20 06:45:00,63793.7,63850.0,63738.0,63847.8,1236.793
2026-07-20 06:50:00,63847.7,63913.2,63823.7,63890.6,628.177
2026-07-20 06:55:00,63890.6,63929.7,63856.0,63890.0,515.405
2026-07-20 07:00:00,63890.0,63963.9,63885.5,63960.0,484.965
2026-07-20 07:05:00,63959.9,63984.1,63935.4,63959.8,295.217
2026-07-20 07:10:00,63959.9,63966.0,63913.3,63941.5,196.708
2026-07-20 07:15:00,63941.6,63966.3,63865.0,63936.3,360.063
2026-07-20 07:20:00,63936.3,64064.0,63879.8,64057.3,587.002
2026-07-20 07:25:00,64057.3,64115.5,64036.0,64101.6,577.815
2026-07-20 07:30:00,64101.7,64162.4,64085.8,64162.4,559.509
2026-07-20 07:35:00,64162.4,64162.4,64088.2,64088.2,237.297
2026-07-20 07:40:00,64088.2,64188.0,64062.4,64188.0,374.643
2026-07-20 07:45:00,64188.0,64234.0,64166.5,64191.0,705.835
2026-07-20 07:50:00,64191.0,64285.5,64173.0,64245.9,781.715
2026-07-20 07:55:00,64245.9,64250.0,64218.0,64250.0,319.331
2026-07-20 08:00:00,64250.0,64337.0,64231.3,64274.0,695.008
2026-07-20 08:05:00,64274.1,64279.0,64203.8,64228.8,591.675
2026-07-20 08:10:00,64228.8,64272.7,64200.0,64271.7,350.51
2026-07-20 08:15:00,64271.7,64333.0,64230.5,64275.0,436.625
2026-07-20 08:20:00,64275.0,64275.0,64200.5,64220.2,259.404
2026-07-20 08:25:00,64220.2,64243.3,64199.9,64210.3,474.387
2026-07-20 08:30:00,64210.3,64234.4,64161.8,64168.6,1118.385
2026-07-20 08:35:00,64168.6,64250.0,63858.1,63949.8,2826.388
2026-07-20 08:40:00,63949.7,63963.9,63892.6,63895.9,439.625
2026-07-20 08:45:00,63895.9,64032.9,63895.9,64031.6,492.45
2026-07-20 08:50:00,64031.7,64086.1,63988.0,63988.0,378.768
2026-07-20 08:55:00,63988.1,64031.4,63974.5,64031.4,262.912
2026-07-20 09:00:00,64031.4,64050.0,64003.5,64006.0,188.418
2026-07-20 09:05:00,64006.0,64033.4,63984.5,64007.6,260.201
2026-07-20 09:10:00,64007.7,64087.6,64007.6,64077.6,287.991
2026-07-20 09:15:00,64077.7,64145.7,64066.6,64066.6,398.512
2026-07-20 09:20:00,64066.7,64150.0,64058.6,64137.8,156.578
2026-07-20 09:25:00,64137.8,64175.6,64137.7,64174.5,197.001
2026-07-20 09:30:00,64174.5,64230.0,64155.5,64216.7,329.106
2026-07-20 09:35:00,64216.8,64232.0,64170.1,64197.1,207.88
2026-07-20 09:40:00,64197.1,64222.9,64183.4,64210.5,153.333
2026-07-20 09:45:00,64210.5,64243.7,64210.4,64217.0,297.864
2026-07-20 09:50:00,64216.9,64260.0,64198.0,64213.9,309.562
2026-07-20 09:55:00,64213.8,64213.8,64176.6,64176.6,269.149
2026-07-20 10:00:00,64176.6,64206.3,64137.0,64200.0,268.75
2026-07-20 10:05:00,64200.0,64208.1,64171.0,64201.1,161.847
2026-07-20 10:10:00,64201.1,64260.6,64201.1,64258.5,286.758
2026-07-20 10:15:00,64258.6,64266.0,64224.6,64242.7,373.283
2026-07-20 10:20:00,64242.7,64385.1,64237.1,64377.1,726.434
2026-07-20 10:25:00,64377.1,64393.2,64311.5,64329.2,371.291
2026-07-20 10:30:00,64329.1,64329.2,64259.9,64260.5,306.601
2026-07-20 10:35:00,64260.4,64295.1,64223.3,64256.4,237.335
2026-07-20 10:40:00,64256.3,64312.6,64235.2,64304.9,262.547
2026-07-20 10:45:00,64305.0,64320.0,64276.9,64316.4,123.334
2026-07-20 10:50:00,64316.3,64327.3,64285.0,64327.3,106.703
2026-07-20 10:55:00,64327.3,64327.3,64267.5,64280.5,121.046
2026-07-20 11:00:00,64280.5,64322.8,64237.1,64305.3,349.154
2026-07-20 11:05:00,64305.3,64425.3,64305.3,64409.1,570.814
2026-07-20 11:10:00,64409.0,64414.2,64351.2,64360.0,156.819
2026-07-20 11:15:00,64360.1,64376.6,64316.4,64320.4,179.667
2026-07-20 11:20:00,64320.5,64333.2,64294.7,64294.8,148.912
2026-07-20 11:25:00,64294.8,64342.2,64294.7,64322.6,108.842
2026-07-20 11:30:00,64322.5,64788.0,64316.0,64788.0,4488.287
2026-07-20 11:35:00,64788.0,64915.4,64752.0,64850.9,2344.014
2026-07-20 11:40:00,64850.9,64908.6,64806.4,64807.1,1138.281
2026-07-20 11:45:00,64807.2,64955.0,64807.1,64925.7,1263.082
2026-07-20 11:50:00,64925.7,64956.4,64850.0,64935.0,734.027
2026-07-20 11:55:00,64935.0,65048.3,64902.1,64970.8,1523.871
2026-07-20 12:00:00,64970.8,64982.0,64668.1,64785.1,3773.249
2026-07-20 12:05:00,64785.1,64844.6,64753.5,64844.5,725.11
2026-07-20 12:10:00,64844.6,64844.6,64694.0,64729.6,1110.464
2026-07-20 12:15:00,64729.5,64781.4,64662.7,64666.0,668.142
2026-07-20 12:20:00,64666.0,64724.2,64649.0,64682.0,454.329
2026-07-20 12:25:00,64682.0,64719.0,64646.2,64674.0,564.3
2026-07-20 12:30:00,64673.9,64695.6,64585.0,64686.4,637.515
2026-07-20 12:35:00,64686.4,64727.5,64654.3,64654.4,439.324
2026-07-20 12:40:00,64654.3,64674.8,64572.0,64576.4,320.408
2026-07-20 12:45:00,64576.4,64718.1,64571.0,64699.5,641.342
2026-07-20 12:50:00,64699.4,64712.9,64634.4,64634.5,328.477
2026-07-20 12:55:00,64634.5,64664.1,64594.4,64627.2,501.435
2026-07-20 13:00:00,64627.1,64671.2,64600.0,64613.1,319.193
2026-07-20 13:05:00,64613.2,64705.0,64613.2,64705.0,273.079
2026-07-20 13:10:00,64704.9,64727.5,64662.1,64662.2,476.619
2026-07-20 13:15:00,64662.2,64698.2,64656.2,64683.2,171.516
2026-07-20 13:20:00,64683.2,64686.2,64606.4,64606.4,243.523
2026-07-20 13:25:00,64606.5,64606.5,64501.4,64528.1,770.506
2026-07-20 13:30:00,64528.0,64686.0,64471.0,64655.4,1491.784
2026-07-20 13:35:00,64655.4,64737.5,64603.2,64641.6,938.809
2026-07-20 13:40:00,64641.6,64680.0,64537.6,64626.1,495.744
2026-07-20 13:45:00,64626.1,64700.0,64338.4,64699.6,1290.097
2026-07-20 13:50:00,64699.5,64736.5,64290.0,64318.2,1837.981
2026-07-20 13:55:00,64318.1,64393.2,64174.5,64315.0,1524.643
2026-07-20 14:00:00,64315.0,64442.4,64248.0,64404.2,933.054
2026-07-20 14:05:00,64404.2,64469.4,64350.1,64440.8,691.609
2026-07-20 14:10:00,64440.8,64440.8,64260.6,64294.2,495.964
2026-07-20 14:15:00,64294.2,64326.0,64135.0,64223.7,992.224
2026-07-20 14:20:00,64223.7,64335.0,64034.3,64308.8,1525.444
2026-07-20 14:25:00,64308.8,64444.0,64295.1,64441.2,588.049
2026-07-20 14:30:00,64441.2,64515.0,64379.2,64418.5,715.002
2026-07-20 14:35:00,64418.5,64418.5,64313.2,64385.6,315.182
2026-07-20 14:40:00,64385.7,64444.0,64362.2,64400.0,284.556
2026-07-20 14:45:00,64400.1,64550.0,64315.4,64315.4,419.299
2026-07-20 14:50:00,64315.5,64378.2,64270.2,64317.2,362.007
2026-07-20 14:55:00,64317.2,64399.9,64303.0,64393.0,283.724
2026-07-20 15:00:00,64393.0,64588.0,64386.8,64579.9,713.844
2026-07-20 15:05:00,64579.8,64789.7,64505.7,64780.1,1550.24
2026-07-20 15:10:00,64780.1,64972.2,64752.3,64949.9,2463.997
2026-07-20 15:15:00,64950.0,64979.3,64870.0,64974.5,1445.047
2026-07-20 15:20:00,64974.4,64998.0,64877.8,64926.3,1159.328
2026-07-20 15:25:00,64926.3,64943.0,64855.3,64923.3,624.872
2026-07-20 15:30:00,64923.4,64974.8,64783.0,64827.7,985.394
2026-07-20 15:35:00,64827.7,64850.0,64780.0,64844.2,641.675
2026-07-20 15:40:00,64844.2,65310.0,64844.1,65209.1,4219.834
2026-07-20 15:45:00,65209.1,65388.0,65209.0,65288.7,2679.781
2026-07-20 15:50:00,65288.7,65688.0,65266.0,65495.0,7474.913
2026-07-20 15:55:00,65495.1,65608.7,65495.0,65570.1,2699.663
2026-07-20 16:00:00,65570.1,65615.5,65467.6,65520.0,2309.159
2026-07-20 16:05:00,65520.0,65524.3,65396.3,65477.3,1332.921
2026-07-20 16:10:00,65477.3,65577.9,65471.2,65534.0,943.355
2026-07-20 16:15:00,65534.0,65542.2,65412.9,65423.6,790.32
2026-07-20 16:20:00,65423.5,65466.7,65404.4,65458.4,582.692
2026-07-20 16:25:00,65458.5,65471.6,65347.3,65418.2,840.039
2026-07-20 16:30:00,65418.2,65458.5,65364.1,65413.5,535.109
2026-07-20 16:35:00,65413.5,65457.9,65387.4,65445.1,522.719
2026-07-20 16:40:00,65445.1,65542.0,65301.8,65348.9,1477.933
2026-07-20 16:45:00,65349.0,65489.8,65349.0,65434.9,391.328
2026-07-20 16:50:00,65435.0,65450.0,65388.0,65388.0,449.784
2026-07-20 16:55:00,65388.1,65480.6,65339.2,65478.6,473.175
2026-07-20 17:00:00,65478.6,65510.0,65418.4,65418.5,449.427
2026-07-20 17:05:00,65418.4,65527.8,65411.3,65502.9,812.569
2026-07-20 17:10:00,65502.9,65545.5,65439.5,65470.8,717.422
2026-07-20 17:15:00,65470.7,65470.8,65400.0,65459.7,237.925
2026-07-20 17:20:00,65459.8,65490.0,65428.1,65444.1,169.404
2026-07-20 17:25:00,65444.1,65487.9,65440.2,65476.4,273.762
2026-07-20 17:30:00,65476.4,65484.2,65395.1,65395.3,198.228
2026-07-20 17:35:00,65395.4,65426.2,65375.1,65375.8,316.716
2026-07-20 17:40:00,65375.8,65379.9,65313.9,65332.4,407.798
2026-07-20 17:45:00,65332.4,65452.8,65332.3,65452.8,278.13
2026-07-20 17:50:00,65452.7,65642.0,65438.1,65552.9,2178.296
2026-07-20 17:55:00,65553.0,65603.5,65524.8,65560.0,503.272
2026-07-20 18:00:00,65560.0,65684.4,65559.9,65598.7,1255.177
2026-07-20 18:05:00,65598.8,65601.2,65549.0,65563.7,301.905
2026-07-20 18:10:00,65563.7,65788.0,65535.7,65725.2,2769.072
2026-07-20 18:15:00,65725.1,65747.9,65629.7,65643.1,763.702
2026-07-20 18:20:00,65643.2,65644.8,65549.2,65566.4,487.26
2026-07-20 18:25:00,65566.5,65604.4,65551.0,65561.0,200.33
2026-07-20 18:30:00,65561.0,65561.1,65451.2,65471.0,544.397
2026-07-20 18:35:00,65471.1,65518.0,65425.4,65456.5,233.619
2026-07-20 18:40:00,65456.4,65457.9,65317.1,65325.4,965.48
2026-07-20 18:45:00,65325.4,65330.3,65211.3,65261.2,1209.707
2026-07-20 18:50:00,65261.1,65292.9,65185.0,65195.4,1514.571
2026-07-20 18:55:00,65195.5,65237.9,65168.0,65215.8,839.222
2026-07-20 19:00:00,65215.7,65256.1,65132.0,65160.3,701.071
2026-07-20 19:05:00,65160.4,65219.1,65129.6,65194.6,828.439
2026-07-20 19:10:00,65194.7,65227.4,65068.1,65076.6,1084.807
2026-07-20 19:15:00,65076.6,65177.3,65050.5,65133.6,662.893
2026-07-20 19:20:00,65133.7,65146.5,65095.4,65109.9,341.371
2026-07-20 19:25:00,65109.9,65154.0,65044.1,65131.2,825.992
2026-07-20 19:30:00,65131.3,65133.3,65030.0,65051.6,529.582
2026-07-20 19:35:00,65051.6,65114.0,65011.4,65087.5,813.685
2026-07-20 19:40:00,65087.6,65161.9,65075.0,65086.5,491.666
2026-07-20 19:45:00,65086.5,65161.9,65043.5,65117.2,642.841
2026-07-20 19:50:00,65117.1,65161.0,65055.3,65157.1,366.24
2026-07-20 19:55:00,65157.1,65157.1,65088.0,65119.3,408.151
2026-07-20 20:00:00,65119.3,65153.8,65030.2,65048.5,335.203
2026-07-20 20:05:00,65048.4,65138.4,65046.0,65116.4,303.778
2026-07-20 20:10:00,65116.4,65204.1,65103.4,65199.9,387.665
2026-07-20 20:15:00,65199.9,65245.2,65166.3,65245.1,329.015
2026-07-20 20:20:00,65245.2,65298.3,65238.3,65266.5,427.273
2026-07-20 20:25:00,65266.6,65303.0,65224.9,65262.0,309.993
2026-07-20 20:30:00,65262.0,65435.3,65250.0,65382.8,810.195
2026-07-20 20:35:00,65382.8,65382.8,65306.3,65317.9,278.398
2026-07-20 20:40:00,65318.0,65331.7,65248.2,65284.0,423.804
2026-07-20 20:45:00,65283.9,65337.0,65283.9,65320.0,531.151
2026-07-20 20:50:00,65320.0,65346.7,65297.1,65346.6,91.806
2026-07-20 20:55:00,65346.6,65359.1,65315.0,65344.7,161.797
2026-07-20 21:00:00,65344.8,65344.8,65284.4,65314.4,153.969
2026-07-20 21:05:00,65314.5,65323.0,65255.7,65302.4,201.62
2026-07-20 21:10:00,65302.4,65327.0,65288.0,65290.6,166.354
2026-07-20 21:15:00,65290.7,65320.0,65282.0,65300.0,60.615
2026-07-20 21:20:00,65300.0,65326.0,65295.6,65300.1,77.554
2026-07-20 21:25:00,65300.0,65300.0,65272.3,65278.1,78.805
2026-07-20 21:30:00,65278.1,65413.0,65278.0,65413.0,294.347
2026-07-20 21:35:00,65412.9,65416.4,65350.0,65350.1,208.532
2026-07-20 21:40:00,65350.1,65364.8,65317.8,65328.3,162.554
2026-07-20 21:45:00,65328.4,65354.1,65284.8,65288.9,169.055
2026-07-20 21:50:00,65288.9,65304.1,65262.1,65285.6,126.751
2026-07-20 21:55:00,65285.7,65285.7,65241.6,65258.5,172.69
2026-07-20 22:00:00,65258.4,65258.5,65140.0,65144.9,501.74
2026-07-20 22:05:00,65144.9,65190.1,65110.0,65190.1,240.589
2026-07-20 22:10:00,65190.0,65214.5,65165.6,65177.9,104.329
2026-07-20 22:15:00,65177.8,65177.9,65125.7,65177.8,191.242
2026-07-20 22:20:00,65177.8,65200.0,65177.8,65199.9,120.744
2026-07-20 22:25:00,65200.0,65228.0,65183.8,65187.9,206.297
2026-07-20 22:30:00,65187.9,65205.0,65080.7,65083.2,248.088
2026-07-20 22:35:00,65083.2,65133.3,65061.7,65108.0,357.329
2026-07-20 22:40:00,65107.9,65109.0,65061.2,65109.0,265.007
2026-07-20 22:45:00,65108.9,65121.3,65108.9,65120.0,86.691
2026-07-20 22:50:00,65119.9,65123.8,65089.9,65101.4,141.43
2026-07-20 22:55:00,65101.4,65123.7,65089.0,65118.7,161.621
2026-07-20 23:00:00,65118.8,65156.0,65098.8,65137.9,204.213
2026-07-20 23:05:00,65138.0,65203.1,65137.9,65182.0,172.445
2026-07-20 23:10:00,65181.9,65182.1,65114.1,65129.0,122.396
2026-07-20 23:15:00,65128.9,65237.9,65128.9,65221.5,316.848
2026-07-20 23:20:00,65221.6,65221.6,65172.1,65193.0,163.249
2026-07-20 23:25:00,65193.0,65216.8,65174.8,65213.8,110.749
2026-07-20 23:30:00,65213.8,65231.0,65208.7,65208.8,136.315
2026-07-20 23:35:00,65208.8,65227.2,65181.0,65181.0,85.867
2026-07-20 23:40:00,65180.8,65203.0,65164.9,65194.0,131.92
2026-07-20 23:45:00,65193.9,65231.0,65181.1,65199.6,169.666
2026-07-20 23:50:00,65199.5,65199.6,65133.7,65165.1,187.861
2026-07-20 23:55:00,65165.0,65244.9,65147.6,65224.8,227.637
2026-07-21 00:00:00,65224.7,65224.8,65130.0,65206.1,287.772
2026-07-21 00:05:00,65206.1,65219.2,65142.8,65178.8,167.928
2026-07-21 00:10:00,65178.7,65214.8,65122.3,65152.4,260.043
2026-07-21 00:15:00,65152.5,65325.0,65115.3,65315.6,310.975
2026-07-21 00:20:00,65315.7,65396.5,65274.5,65390.9,942.949
2026-07-21 00:25:00,65390.9,65399.8,65321.6,65321.9,329.487
2026-07-21 00:30:00,65321.8,65425.0,65317.3,65388.8,316.311
2026-07-21 00:35:00,65388.8,65421.9,65341.0,65421.9,163.792
2026-07-21 00:40:00,65421.9,65519.5,65418.4,65461.4,613.387
2026-07-21 00:45:00,65461.3,65508.1,65453.6,65503.9,262.408
2026-07-21 00:50:00,65503.9,65527.9,65463.9,65522.6,358.562
2026-07-21 00:55:00,65522.5,65561.0,65477.5,65538.9,330.708
2026-07-21 01:00:00,65538.8,65538.8,65447.1,65514.6,319.573
2026-07-21 01:05:00,65514.7,65610.0,65487.8,65609.9,558.782
2026-07-21 01:10:00,65609.9,65634.4,65509.2,65513.3,476.053
2026-07-21 01:15:00,65513.4,65520.0,65405.1,65445.3,426.726
2026-07-21 01:20:00,65445.3,65466.6,65396.8,65426.7,169.292
2026-07-21 01:25:00,65426.6,65462.0,65414.6,65414.7,146.103
2026-07-21 01:30:00,65414.7,65433.5,65300.4,65433.5,956.265
2026-07-21 01:35:00,65433.5,65452.0,65368.8,65368.8,157.814
2026-07-21 01:40:00,65368.9,65368.9,65289.5,65310.1,288.564
2026-07-21 01:45:00,65310.0,65315.3,65259.4,65259.5,354.68
2026-07-21 01:50:00,65259.5,65278.3,65237.7,65257.5,246.608
2026-07-21 01:55:00,65257.4,65257.5,65202.1,65205.1,272.442
2026-07-21 02:00:00,65205.1,65327.8,65200.0,65303.9,417.5
2026-07-21 02:05:00,65303.9,65387.8,65269.3,65269.3,222.244
2026-07-21 02:10:00,65269.2,65288.6,65222.4,65261.3,376.87
2026-07-21 02:15:00,65261.3,65261.3,65145.1,65146.5,427.579
2026-07-21 02:20:00,65146.4,65291.5,65145.1,65286.5,442.204
2026-07-21 02:25:00,65286.5,65298.9,65216.0,65239.2,116.436
2026-07-21 02:30:00,65239.2,65336.8,65239.0,65318.1,218.209
2026-07-21 02:35:00,65318.0,65346.3,65290.4,65306.0,126.923
2026-07-21 02:40:00,65306.1,65338.2,65267.4,65326.6,162.867
2026-07-21 02:45:00,65326.7,65334.5,65281.2,65305.7,158.595
2026-07-21 02:50:00,65305.7,65368.0,65305.7,65367.9,168.698
2026-07-21 02:55:00,65367.9,65479.5,65367.9,65386.4,487.204
2026-07-21 03:00:00,65386.4,65458.2,65380.0,65408.8,296.633
2026-07-21 03:05:00,65408.9,65515.2,65408.9,65422.6,445.77
2026-07-21 03:10:00,65422.7,65478.8,65413.1,65467.0,197.032
2026-07-21 03:15:00,65467.0,65513.1,65416.8,65425.9,228.549
2026-07-21 03:20:00,65425.8,65472.1,65401.5,65448.9,193.893
2026-07-21 03:25:00,65448.9,65464.5,65425.0,65464.3,149.297
2026-07-21 03:30:00,65464.4,65466.0,65419.4,65460.4,113.18
2026-07-21 03:35:00,65460.3,65503.3,65431.9,65500.0,247.987
2026-07-21 03:40:00,65500.0,65519.6,65465.0,65502.4,306.91
2026-07-21 03:45:00,65502.4,65502.4,65445.0,65445.1,179.44
2026-07-21 03:50:00,65445.0,65530.0,65421.7,65511.9,363.915
2026-07-21 03:55:00,65511.8,65572.2,65491.2,65539.5,292.212
2026-07-21 04:00:00,65539.5,65666.6,65502.1,65665.6,977.803
2026-07-21 04:05:00,65665.7,65723.0,65627.4,65628.1,1172.639
2026-07-21 04:10:00,65628.0,65637.8,65559.9,65574.3,448.356
2026-07-21 04:15:00,65574.2,65610.3,65534.6,65591.2,282.736
2026-07-21 04:20:00,65591.2,65649.2,65535.6,65538.8,277.519
2026-07-21 04:25:00,65538.8,65550.0,65485.6,65488.9,265.071
2026-07-21 04:30:00,65488.8,65518.6,65478.3,65509.9,243.924
2026-07-21 04:35:00,65509.9,65550.0,65482.9,65512.3,186.057
2026-07-21 04:40:00,65512.3,65529.0,65471.8,65516.4,184.374
2026-07-21 04:45:00,65516.4,65525.0,65471.9,65475.9,180.025
2026-07-21 04:50:00,65475.9,65504.0,65455.0,65478.8,211.274
2026-07-21 04:55:00,65478.7,65512.6,65453.5,65494.2,164.227
2026-07-21 05:00:00,65494.2,65523.9,65471.2,65523.1,165.358
2026-07-21 05:05:00,65523.1,65537.4,65460.1,65520.2,410.043
2026-07-21 05:10:00,65520.2,65520.3,65487.8,65510.7,167.017
2026-07-21 05:15:00,65510.8,65510.8,65462.3,65470.2,153.718
2026-07-21 05:20:00,65470.2,65579.6,65470.1,65579.5,167.462
2026-07-21 05:25:00,65579.6,65630.0,65575.0,65575.0,398.37
2026-07-21 05:30:00,65575.1,65583.3,65539.3,65565.9,247.12
2026-07-21 05:35:00,65565.9,65579.9,65533.4,65542.7,100.859
2026-07-21 05:40:00,65542.8,65661.9,65542.7,65623.8,214.107
2026-07-21 05:45:00,65623.7,65927.9,65585.5,65789.1,2764.619
2026-07-21 05:50:00,65789.1,65809.5,65673.3,65727.8,1202.095
2026-07-21 05:55:00,65727.7,65743.0,65686.1,65724.9,392.537
2026-07-21 06:00:00,65724.8,65803.0,65722.1,65742.9,452.924
2026-07-21 06:05:00,65742.9,65760.0,65660.3,65666.6,326.525
2026-07-21 06:10:00,65666.7,65718.0,65604.8,65706.0,401.075
2026-07-21 06:15:00,65706.0,65709.8,65654.6,65668.1,262.448
2026-07-21 06:20:00,65668.1,65799.9,65630.7,65780.0,352.852
2026-07-21 06:25:00,65779.9,65825.1,65738.2,65798.6,596.847
2026-07-21 06:30:00,65798.6,65901.9,65779.0,65901.9,750.001
2026-07-21 06:35:00,65901.8,65970.0,65893.1,65925.4,1077.961
2026-07-21 06:40:00,65925.4,65933.1,65882.4,65933.1,635.804
2026-07-21 06:45:00,65933.0,65950.0,65847.6,65887.2,525.932
2026-07-21 06:50:00,65887.1,65918.5,65857.0,65887.9,282.222
2026-07-21 06:55:00,65887.8,65920.0,65857.0,65892.4,249.896
2026-07-21 07:00:00,65892.5,65922.0,65867.9,65897.1,261.434
2026-07-21 07:05:00,65897.2,65912.9,65828.2,65849.7,260.21
2026-07-21 07:10:00,65849.8,65896.5,65831.9,65896.4,193.738
2026-07-21 07:15:00,65896.5,65959.8,65877.8,65959.7,308.618
2026-07-21 07:20:00,65959.7,65988.0,65869.9,65874.9,654.085
2026-07-21 07:25:00,65875.0,65932.8,65863.0,65932.8,180.88
2026-07-21 07:30:00,65932.8,66049.8,65915.8,65985.0,1350.828
2026-07-21 07:35:00,65985.1,66043.1,65975.4,66026.0,506.8
2026-07-21 07:40:00,66026.1,66125.1,65993.3,66015.4,1293.17
2026-07-21 07:45:00,66015.3,66217.6,66003.0,66170.2,2619.191
2026-07-21 07:50:00,66170.1,66240.0,66111.3,66189.1,1695.582
2026-07-21 07:55:00,66189.0,66221.7,66155.0,66166.9,971.408
2026-07-21 08:00:00,66166.8,66240.0,66149.2,66228.6,1161.368
2026-07-21 08:05:00,66228.6,66240.0,66154.2,66159.0,641.159
2026-07-21 08:10:00,66158.9,66269.5,66103.4,66263.3,1081.857
2026-07-21 08:15:00,66263.3,66270.1,66186.4,66262.9,927.018
2026-07-21 08:20:00,66262.9,66333.0,66246.9,66274.7,1564.566
2026-07-21 08:25:00,66274.7,66300.0,66171.8,66194.5,607.421
2026-07-21 08:30:00,66194.5,66236.5,66162.1,66197.1,471.185
2026-07-21 08:35:00,66197.1,66337.8,66191.9,66330.0,703.239
2026-07-21 08:40:00,66330.0,66330.1,66197.3,66279.8,750.826
2026-07-21 08:45:00,66279.8,66305.9,66217.0,66242.8,501.673
2026-07-21 08:50:00,66242.8,66246.4,66206.8,66209.9,248.084
2026-07-21 08:55:00,66209.9,66239.2,66178.0,66200.0,437.432
2026-07-21 09:00:00,66199.9,66213.6,66146.9,66164.0,500.933
2026-07-21 09:05:00,66163.9,66199.0,66162.4,66183.9,316.502
2026-07-21 09:10:00,66183.8,66187.8,66110.0,66187.7,422.441
2026-07-21 09:15:00,66187.8,66221.0,66177.9,66194.3,291.936
2026-07-21 09:20:00,66194.4,66219.0,66158.4,66210.0,291.615
2026-07-21 09:25:00,66210.0,66223.6,66200.0,66211.3,157.602
2026-07-21 09:30:00,66211.2,66305.3,66199.6,66254.5,508.988
2026-07-21 09:35:00,66254.4,66313.8,66252.8,66291.5,306.555
2026-07-21 09:40:00,66291.5,66291.6,66255.4,66272.3,264.427
2026-07-21 09:45:00,66272.2,66286.9,66264.3,66286.8,187.929
2026-07-21 09:50:00,66286.8,66317.0,66239.8,66315.1,264.117
2026-07-21 09:55:00,66315.1,66320.4,66234.3,66261.2,256.938
2026-07-21 10:00:00,66261.3,66285.1,66237.7,66267.7,255.693
2026-07-21 10:05:00,66267.7,66296.1,66233.7,66270.1,248.859
2026-07-21 10:10:00,66270.2,66372.1,66270.2,66331.3,720.854
2026-07-21 10:15:00,66331.4,66382.0,66301.8,66339.8,657.555
2026-07-21 10:20:00,66339.8,66347.0,66280.7,66343.3,405.102
2026-07-21 10:25:00,66343.3,66370.0,66316.6,66370.0,368.419
2026-07-21 10:30:00,66370.0,66373.1,66339.8,66368.0,308.111
2026-07-21 10:35:00,66368.0,66390.0,66334.2,66334.2,484.082
2026-07-21 10:40:00,66334.2,66376.3,66291.1,66317.6,764.681
2026-07-21 10:45:00,66317.6,66330.0,66270.8,66276.2,559.592
2026-07-21 10:50:00,66276.3,66276.3,66151.3,66161.4,1283.4
2026-07-21 10:55:00,66161.2,66180.1,66145.5,66161.1,283.841
2026-07-21 11:00:00,66161.0,66177.7,66139.9,66147.1,406.462
2026-07-21 11:05:00,66147.1,66176.8,66126.0,66129.2,465.551
2026-07-21 11:10:00,66129.3,66229.0,66117.1,66204.7,565.424
2026-07-21 11:15:00,66204.7,66230.7,66164.1,66191.3,397.402
2026-07-21 11:20:00,66191.3,66198.9,66154.9,66178.6,241.539
2026-07-21 11:25:00,66178.7,66207.0,66161.6,66207.0,226.363
2026-07-21 11:30:00,66207.0,66248.5,66203.3,66229.1,241.158
2026-07-21 11:35:00,66229.0,66286.0,66229.0,66259.5,185.003
2026-07-21 11:40:00,66259.5,66322.5,66244.7,66309.9,522.854
2026-07-21 11:45:00,66309.9,66323.5,66303.1,66323.5,176.893
2026-07-21 11:50:00,66323.4,66333.0,66294.5,66303.6,176.362
2026-07-21 11:55:00,66303.7,66318.0,66292.4,66317.9,154.043
2026-07-21 12:00:00,66317.9,66336.0,66238.1,66250.2,298.574
2026-07-21 12:05:00,66250.1,66369.4,66236.0,66344.3,460.564
2026-07-21 12:10:00,66344.2,66428.0,66339.3,66378.1,883.907
2026-07-21 12:15:00,66378.1,66433.8,66316.3,66425.2,444.584
2026-07-21 12:20:00,66425.2,66483.1,66379.3,66425.0,980.466
2026-07-21 12:25:00,66425.0,66441.1,66392.7,66430.8,372.602
2026-07-21 12:30:00,66430.8,66533.0,66395.6,66461.7,1128.973
2026-07-21 12:35:00,66461.6,66618.0,66437.1,66600.1,1495.245
2026-07-21 12:40:00,66600.1,66606.3,66471.9,66491.8,672.928
2026-07-21 12:45:00,66491.7,66525.7,66446.7,66515.6,525.05
2026-07-21 12:50:00,66515.5,66541.1,66470.0,66482.7,237.277
2026-07-21 12:55:00,66482.7,66559.8,66466.2,66527.7,455.903
2026-07-21 13:00:00,66527.7,66527.7,66477.6,66507.0,322.306
2026-07-21 13:05:00,66507.1,66573.8,66496.3,66555.4,413.942
2026-07-21 13:10:00,66555.4,66616.0,66524.6,66592.9,634.85
2026-07-21 13:15:00,66592.9,66636.9,66529.8,66529.9,579.805
2026-07-21 13:20:00,66529.8,66569.7,66436.5,66445.0,856.937
2026-07-21 13:25:00,66445.0,66455.7,66385.0,66410.1,950.997
2026-07-21 13:30:00,66410.1,66508.1,66352.7,66497.2,1079.359
2026-07-21 13:35:00,66497.3,66529.2,66362.5,66381.3,728.324
2026-07-21 13:40:00,66381.3,66390.0,66290.4,66335.8,1103.086
2026-07-21 13:45:00,66335.8,66635.9,66311.0,66626.8,1443.574
2026-07-21 13:50:00,66626.9,66729.8,66560.3,66707.0,2183.799
2026-07-21 13:55:00,66706.9,66777.0,66695.2,66748.8,1603.895
2026-07-21 14:00:00,66748.7,66822.0,66694.8,66819.5,2278.91
2026-07-21 14:05:00,66819.4,66924.1,66751.1,66788.2,2540.368
2026-07-21 14:10:00,66788.2,66912.5,66788.2,66912.0,1558.262
2026-07-21 14:15:00,66911.9,66912.0,66762.5,66823.0,987.814
2026-07-21 14:20:00,66823.0,66856.5,66621.3,66636.5,1617.007
2026-07-21 14:25:00,66636.5,66710.2,66609.0,66700.0,869.164
2026-07-21 14:30:00,66700.0,66848.9,66700.0,66805.5,781.032
2026-07-21 14:35:00,66805.6,66820.0,66750.0,66750.0,329.256
2026-07-21 14:40:00,66750.1,66817.1,66620.7,66815.1,533.772
2026-07-21 14:45:00,66815.1,66890.3,66771.5,66800.1,1077.004
2026-07-21 14:50:00,66800.2,66831.8,66769.0,66807.6,480.329
2026-07-21 14:55:00,66807.6,66870.2,66796.4,66804.3,441.876
2026-07-21 15:00:00,66804.3,66804.4,66615.5,66629.9,1007.627
2026-07-21 15:05:00,66629.9,66760.8,66623.3,66756.9,608.135
2026-07-21 15:10:00,66756.9,66766.5,66637.9,66650.9,575.929
2026-07-21 15:15:00,66650.9,66700.0,66635.5,66699.9,337.806
2026-07-21 15:20:00,66700.0,66710.0,66630.2,66658.5,369.016
2026-07-21 15:25:00,66658.5,66664.6,66581.1,66581.4,405.285
2026-07-21 15:30:00,66581.5,66581.5,66507.6,66537.1,741.657
2026-07-21 15:35:00,66537.1,66683.4,66487.9,66660.1,814.71
2026-07-21 15:40:00,66660.1,66666.0,66571.2,66583.7,368.09
2026-07-21 15:45:00,66583.7,66664.9,66556.6,66641.0,425.778
2026-07-21 15:50:00,66641.0,66682.1,66622.2,66650.5,281.284
2026-07-21 15:55:00,66650.5,66691.5,66630.4,66648.5,277.646
2026-07-21 16:00:00,66648.5,66736.7,66597.4,66724.9,579.221
2026-07-21 16:05:00,66724.9,66724.9,66573.8,66573.9,340.53
2026-07-21 16:10:00,66573.8,66636.2,66550.6,66580.7,225.48
2026-07-21 16:15:00,66580.7,66580.8,66536.3,66536.3,304.904
2026-07-21 16:20:00,66536.3,66564.0,66513.2,66534.3,294.014
2026-07-21 16:25:00,66534.2,66578.7,66489.8,66499.1,333.101
2026-07-21 16:30:00,66499.2,66544.3,66464.0,66542.6,479.258
2026-07-21 16:35:00,66542.6,66619.9,66541.2,66594.7,267.95
2026-07-21 16:40:00,66594.6,66608.7,66520.0,66528.0,189.289
2026-07-21 16:45:00,66528.1,66528.1,66428.5,66501.1,407.314
2026-07-21 16:50:00,66501.1,66523.1,66489.7,66523.0,239.453
2026-07-21 16:55:00,66523.1,66579.8,66507.0,66507.1,428.205
2026-07-21 17:00:00,66507.1,66537.1,66480.0,66485.9,205.645
2026-07-21 17:05:00,66486.0,66520.0,66453.8,66469.8,258.792
2026-07-21 17:10:00,66469.8,66469.8,66409.4,66435.6,300.946
2026-07-21 17:15:00,66435.6,66450.0,66366.4,66422.0,497.631
2026-07-21 17:20:00,66421.9,66450.0,66402.5,66450.0,436.205
2026-07-21 17:25:00,66450.0,66467.0,66416.7,66416.7,426.519
2026-07-21 17:30:00,66416.7,66431.9,66370.2,66405.2,289.522
2026-07-21 17:35:00,66405.3,66466.6,66363.1,66435.9,375.314
2026-07-21 17:40:00,66435.9,66481.8,66412.0,66477.2,389.303
2026-07-21 17:45:00,66477.2,66480.0,65939.0,66263.0,7695.741
2026-07-21 17:50:00,66263.0,66321.1,66166.0,66180.3,949.327
2026-07-21 17:55:00,66180.2,66197.1,66110.5,66181.1,717.025
2026-07-21 18:00:00,66181.1,66203.7,66071.2,66186.1,1222.818
2026-07-21 18:05:00,66186.1,66307.3,66185.0,66292.2,537.58
2026-07-21 18:10:00,66292.1,66293.0,66253.3,66256.2,177.288
2026-07-21 18:15:00,66256.2,66272.4,66216.0,66223.9,312.504
2026-07-21 18:20:00,66223.8,66281.5,66210.0,66213.3,185.43
2026-07-21 18:25:00,66213.3,66214.4,66150.0,66206.7,239.529
2026-07-21 18:30:00,66206.8,66217.3,66076.8,66184.8,473.271
2026-07-21 18:35:00,66184.8,66272.1,66176.6,66240.1,217.907
2026-07-21 18:40:00,66240.0,66280.0,66209.5,66248.6,214.973
2026-07-21 18:45:00,66248.6,66333.0,66239.4,66302.4,577.587
2026-07-21 18:50:00,66302.4,66330.2,66263.9,66268.2,198.865
2026-07-21 18:55:00,66268.3,66291.0,66245.1,66287.5,118.848
2026-07-21 19:00:00,66287.6,66340.0,66276.2,66333.9,246.536
2026-07-21 19:05:00,66334.0,66344.5,66307.0,66340.2,167.805
2026-07-21 19:10:00,66340.3,66340.3,66230.0,66266.7,559.517
2026-07-21 19:15:00,66266.7,66335.3,66251.0,66331.8,123.521
2026-07-21 19:20:00,66331.9,66340.0,66296.4,66338.7,173.639
2026-07-21 19:25:00,66338.8,66386.0,66326.2,66365.9,204.374
2026-07-21 19:30:00,66365.8,66409.6,66350.5,66380.7,377.83
2026-07-21 19:35:00,66380.6,66457.5,66380.6,66441.8,340.259
2026-07-21 19:40:00,66441.8,66445.0,66387.8,66425.1,419.263
2026-07-21 19:45:00,66425.0,66464.3,66410.8,66450.4,278.392
2026-07-21 19:50:00,66450.3,66467.4,66411.7,66416.3,236.487
2026-07-21 19:55:00,66416.3,66435.0,66371.0,66409.5,477.262
2026-07-21 20:00:00,66409.5,66443.6,66326.3,66395.7,333.018
2026-07-21 20:05:00,66395.6,66426.2,66387.6,66398.4,187.116
2026-07-21 20:10:00,66398.4,66404.5,66388.7,66388.8,47.973
2026-07-21 20:15:00,66388.7,66388.7,66345.0,66360.0,121.109
2026-07-21 20:20:00,66360.0,66360.1,66330.0,66340.9,129.836
2026-07-21 20:25:00,66341.0,66364.3,66339.5,66359.6,98.884
2026-07-21 20:30:00,66359.6,66410.0,66359.6,66410.0,131.588
2026-07-21 20:35:00,66410.0,66465.6,66404.7,66417.6,305.727
2026-07-21 20:40:00,66417.7,66438.7,66404.8,66427.3,77.737
2026-07-21 20:45:00,66427.4,66437.4,66400.0,66400.0,85.33
2026-07-21 20:50:00,66400.0,66400.1,66380.1,66390.0,71.347
2026-07-21 20:55:00,66390.0,66402.0,66373.8,66373.8,80.533
2026-07-21 21:00:00,66373.8,66373.9,66271.6,66306.5,345.42
2026-07-21 21:05:00,66306.5,66349.2,66289.3,66334.9,379.404
2026-07-21 21:10:00,66334.9,66380.8,66326.7,66368.7,224.155
2026-07-21 21:15:00,66368.7,66368.7,66310.4,66310.4,91.045
2026-07-21 21:20:00,66310.4,66339.0,66300.0,66327.9,106.61
2026-07-21 21:25:00,66327.9,66327.9,66292.0,66292.4,94.744
2026-07-21 21:30:00,66292.4,66292.5,66261.7,66280.5,149.803
2026-07-21 21:35:00,66280.6,66332.1,66280.5,66303.6,137.752
2026-07-21 21:40:00,66303.7,66335.0,66300.0,66313.1,163.516
2026-07-21 21:45:00,66313.2,66348.0,66306.2,66324.8,306.652
2026-07-21 21:50:00,66324.9,66369.0,66324.9,66349.6,120.381
2026-07-21 21:55:00,66349.5,66352.5,66322.4,66352.4,100.798
2026-07-21 22:00:00,66352.4,66352.6,66282.4,66326.5,331.977
2026-07-21 22:05:00,66326.4,66333.3,66280.0,66314.5,137.756
2026-07-21 22:10:00,66314.5,66328.7,66275.0,66283.5,193.138
2026-07-21 22:15:00,66283.6,66292.3,66186.9,66207.9,241.132
2026-07-21 22:20:00,66207.9,66237.9,66172.0,66196.6,362.006
2026-07-21 22:25:00,66196.6,66255.0,66188.0,66251.6,100.916
2026-07-21 22:30:00,66251.6,66306.6,66230.0,66302.6,215.142
2026-07-21 22:35:00,66302.6,66312.8,66279.7,66287.1,193.449
2026-07-21 22:40:00,66287.1,66310.2,66279.6,66279.7,107.048
2026-07-21 22:45:00,66279.7,66279.9,66208.6,66230.7,325.815
2026-07-21 22:50:00,66230.7,66269.0,66230.6,66263.2,116.006
2026-07-21 22:55:00,66263.1,66289.1,66257.3,66271.2,107.768
2026-07-21 23:00:00,66271.3,66271.3,66200.0,66234.6,183.862
2026-07-21 23:05:00,66234.6,66260.0,66200.0,66240.6,164.846
2026-07-21 23:10:00,66240.7,66269.0,66208.4,66247.1,124.911
2026-07-21 23:15:00,66247.1,66316.4,66247.0,66311.8,182.032
2026-07-21 23:20:00,66311.8,66311.9,66284.9,66292.5,138.01
2026-07-21 23:25:00,66292.6,66380.4,66292.5,66369.0,278.61
2026-07-21 23:30:00,66369.0,66416.2,66349.3,66389.0,266.865
2026-07-21 23:35:00,66388.9,66424.7,66388.2,66416.0,127.607
2026-07-21 23:40:00,66415.9,66415.9,66374.6,66394.0,117.566
2026-07-21 23:45:00,66394.0,66448.0,66390.7,66431.3,251.705
2026-07-21 23:50:00,66431.3,66532.3,66431.2,66523.7,885.665
2026-07-21 23:55:00,66523.7,66544.8,66500.0,66522.4,363.561
2026-07-22 00:00:00,66522.3,66588.0,66503.9,66588.0,776.593
2026-07-22 00:05:00,66588.0,66630.0,66538.6,66594.5,528.618
2026-07-22 00:10:00,66594.4,66659.1,66550.9,66651.4,369.153
2026-07-22 00:15:00,66651.4,66654.0,66551.9,66591.9,350.539
2026-07-22 00:20:00,66591.9,66691.7,66591.8,66615.4,601.072
2026-07-22 00:25:00,66615.3,66656.8,66584.5,66629.9,296.438
2026-07-22 00:30:00,66630.0,66692.0,66599.9,66691.8,287.193
2026-07-22 00:35:00,66691.8,66691.8,66615.5,66675.6,215.444
2026-07-22 00:40:00,66675.5,66711.0,66656.2,66681.0,341.652
2026-07-22 00:45:00,66681.0,66706.4,66574.1,66673.9,509.066
2026-07-22 00:50:00,66673.9,66673.9,66605.2,66619.3,200.056
2026-07-22 00:55:00,66619.3,66650.4,66585.2,66591.7,448.776
2026-07-22 01:00:00,66591.8,66629.3,66552.1,66607.0,314.117
2026-07-22 01:05:00,66607.0,66607.1,66557.3,66557.4,206.879
2026-07-22 01:10:00,66557.3,66557.4,66450.7,66464.3,493.34
2026-07-22 01:15:00,66464.3,66472.0,66402.1,66402.1,276.662
2026-07-22 01:20:00,66402.1,66429.8,66294.3,66330.0,702.058
2026-07-22 01:25:00,66330.0,66415.6,66323.5,66327.1,278.535
2026-07-22 01:30:00,66327.1,66394.7,66313.7,66366.1,257.637
2026-07-22 01:35:00,66366.0,66380.0,66347.3,66369.2,136.966
2026-07-22 01:40:00,66369.1,66369.1,66253.0,66335.9,471.561
2026-07-22 01:45:00,66335.8,66478.4,66327.8,66445.6,351.907
2026-07-22 01:50:00,66445.6,66452.6,66380.0,66380.0,171.881
2026-07-22 01:55:00,66380.0,66427.0,66353.1,66399.9,200.406
2026-07-22 02:00:00,66399.9,66402.9,66337.0,66396.8,159.826
2026-07-22 02:05:00,66396.8,66455.3,66338.9,66380.9,163.406
2026-07-22 02:10:00,66381.0,66435.8,66364.7,66432.9,110.395
2026-07-22 02:15:00,66432.9,66513.8,66420.1,66440.3,336.836
2026-07-22 02:20:00,66440.3,66447.3,66402.0,66422.2,97.125
2026-07-22 02:25:00,66422.2,66422.2,66375.0,66375.2,101.635
2026-07-22 02:30:00,66375.2,66375.3,66306.0,66334.2,203.569
2026-07-22 02:35:00,66334.2,66334.2,66270.0,66296.7,296.288
2026-07-22 02:40:00,66296.8,66367.6,66296.7,66339.1,136.461
2026-07-22 02:45:00,66339.0,66354.9,66314.4,66352.7,139.084
2026-07-22 02:50:00,66352.7,66352.7,66285.0,66317.3,97.07
2026-07-22 02:55:00,66317.2,66317.3,66264.9,66283.2,197.422
2026-07-22 03:00:00,66283.2,66343.4,66241.5,66281.6,291.026
2026-07-22 03:05:00,66281.5,66321.1,66236.6,66241.6,235.207
2026-07-22 03:10:00,66241.6,66241.7,66141.7,66154.0,706.864
2026-07-22 03:15:00,66154.1,66229.0,66154.0,66229.0,214.48
2026-07-22 03:20:00,66228.9,66277.1,66223.5,66253.8,191.572
2026-07-22 03:25:00,66253.7,66285.0,66240.0,66252.2,187.532
2026-07-22 03:30:00,66252.2,66287.9,66225.2,66225.2,109.704
2026-07-22 03:35:00,66225.2,66230.0,66180.0,66228.5,150.568
2026-07-22 03:40:00,66228.5,66254.3,66209.8,66247.3,230.33
2026-07-22 03:45:00,66247.4,66329.2,66247.3,66313.4,151.386
2026-07-22 03:50:00,66313.4,66313.4,66250.0,66250.0,117.174
2026-07-22 03:55:00,66250.0,66250.1,66146.5,66176.7,389.549
2026-07-22 04:00:00,66176.6,66293.2,66161.4,66290.9,213.065
2026-07-22 04:05:00,66291.0,66320.0,66290.9,66301.9,133.328
2026-07-22 04:10:00,66301.9,66311.9,66290.0,66307.7,131.213
2026-07-22 04:15:00,66307.8,66358.0,66300.1,66300.1,240.485
2026-07-22 04:20:00,66300.0,66369.8,66300.0,66351.6,233.196
2026-07-22 04:25:00,66351.6,66366.9,66324.4,66332.9,105.493
2026-07-22 04:30:00,66332.9,66347.4,66283.9,66338.9,192.523
2026-07-22 04:35:00,66338.9,66386.3,66296.9,66356.2,235.426
2026-07-22 04:40:00,66356.2,66399.0,66352.4,66387.6,178.105
2026-07-22 04:45:00,66387.5,66387.6,66316.6,66322.3,79.384
2026-07-22 04:50:00,66322.4,66357.8,66305.6,66327.7,105.393
2026-07-22 04:55:00,66327.6,66354.8,66324.8,66349.3,66.028
2026-07-22 05:00:00,66349.2,66349.3,66266.3,66266.3,184.209
2026-07-22 05:05:00,66266.3,66266.4,66240.0,66247.6,147.063
2026-07-22 05:10:00,66247.6,66265.7,66217.1,66245.7,171.645
2026-07-22 05:15:00,66245.7,66245.8,66103.4,66146.7,572.166
2026-07-22 05:20:00,66146.8,66146.8,66010.5,66052.4,1158.221
2026-07-22 05:25:00,66052.4,66110.7,66017.9,66044.4,732.784
2026-07-22 05:30:00,66044.5,66103.8,66020.5,66094.9,584.78
2026-07-22 05:35:00,66094.9,66094.9,65977.0,65987.9,933.316
2026-07-22 05:40:00,65987.9,65987.9,65951.0,65960.0,1210.084
2026-07-22 05:45:00,65960.0,66006.3,65909.1,65962.3,1551.593
2026-07-22 05:50:00,65962.3,66008.7,65940.0,65941.0,428.878
2026-07-22 05:55:00,65940.9,65968.5,65926.2,65954.5,285.516
2026-07-22 06:00:00,65954.4,66000.0,65923.8,65959.5,552.231
2026-07-22 06:05:00,65959.4,65965.4,65889.0,65890.1,582.874
2026-07-22 06:10:00,65890.1,65967.8,65850.0,65959.7,974.267
2026-07-22 06:15:00,65959.7,65959.8,65874.5,65898.9,438.698
2026-07-22 06:20:00,65898.9,65899.0,65817.2,65851.8,937.654
2026-07-22 06:25:00,65851.8,65863.4,65807.9,65833.9,530.753
2026-07-22 06:30:00,65833.9,65930.0,65800.1,65910.1,615.346
2026-07-22 06:35:00,65910.0,65973.7,65910.0,65936.1,363.391
2026-07-22 06:40:00,65936.2,65955.0,65906.3,65927.1,407.435
2026-07-22 06:45:00,65927.1,65927.1,65870.0,65899.4,258.708
2026-07-22 06:50:00,65899.5,65940.0,65890.3,65904.4,188.162
2026-07-22 06:55:00,65904.3,65909.6,65888.0,65906.8,176.652
2026-07-22 07:00:00,65906.7,65941.5,65891.0,65891.1,247.634
2026-07-22 07:05:00,65891.0,65900.0,65860.0,65899.9,278.721
2026-07-22 07:10:00,65899.9,65906.6,65860.0,65878.0,325.963
2026-07-22 07:15:00,65878.0,65905.4,65833.3,65886.8,321.594
2026-07-22 07:20:00,65886.8,65915.3,65846.7,65846.8,249.707
2026-07-22 07:25:00,65846.7,65896.6,65800.0,65877.6,744.555
2026-07-22 07:30:00,65877.7,65890.0,65808.1,65815.4,293.546
2026-07-22 07:35:00,65815.5,65815.5,65705.6,65705.6,1171.513
2026-07-22 07:40:00,65705.5,65770.0,65668.6,65757.3,1539.256
2026-07-22 07:45:00,65757.2,65798.8,65745.7,65750.2,553.462
2026-07-22 07:50:00,65750.2,65818.8,65750.2,65800.3,290.58
2026-07-22 07:55:00,65800.4,65830.8,65800.3,65813.4,277.788
2026-07-22 08:00:00,65813.4,65966.8,65813.4,65956.1,1053.667
2026-07-22 08:05:00,65956.1,66046.1,65950.0,66009.9,903.005
2026-07-22 08:10:00,66009.8,66029.1,65977.2,66003.9,350.615
2026-07-22 08:15:00,66003.9,66053.2,65974.7,66042.4,606.588
2026-07-22 08:20:00,66042.4,66140.5,66042.3,66049.1,883.259
2026-07-22 08:25:00,66049.1,66049.1,65988.4,65991.2,416.634
2026-07-22 08:30:00,65991.2,66045.5,65991.2,66018.2,240.293
2026-07-22 08:35:00,66018.2,66021.8,65934.9,65951.2,386.13
2026-07-22 08:40:00,65951.3,65963.7,65900.0,65900.1,366.354
2026-07-22 08:45:00,65900.1,65958.9,65900.1,65942.7,171.887
2026-07-22 08:50:00,65942.8,65970.7,65919.3,65948.4,279.175
2026-07-22 08:55:00,65948.4,65966.4,65926.9,65953.5,174.102
2026-07-22 09:00:00,65953.4,65991.3,65934.5,65985.6,200.052
2026-07-22 09:05:00,65985.5,66040.6,65934.1,66036.6,256.519
2026-07-22 09:10:00,66036.6,66038.6,65962.3,65980.5,294.641
2026-07-22 09:15:00,65980.5,66038.4,65962.3,66028.8,228.343
2026-07-22 09:20:00,66028.9,66053.2,66000.0,66000.0,238.344
2026-07-22 09:25:00,66000.0,66017.7,65995.3,65995.4,124.772
2026-07-22 09:30:00,65995.3,65995.4,65850.6,65864.3,432.003
2026-07-22 09:35:00,65864.3,65878.5,65824.1,65848.8,619.078
2026-07-22 09:40:00,65848.7,65874.0,65848.2,65854.8,171.178
2026-07-22 09:45:00,65854.8,65873.9,65842.2,65870.3,179.666
2026-07-22 09:50:00,65870.3,65870.3,65816.4,65860.3,229.286
2026-07-22 09:55:00,65860.3,65922.0,65852.0,65896.4,249.791
2026-07-22 10:00:00,65896.3,65925.0,65891.0,65904.2,211.329
2026-07-22 10:05:00,65904.3,65907.5,65861.4,65887.8,182.063
2026-07-22 10:10:00,65887.7,65904.2,65870.4,65892.4,202.711
2026-07-22 10:15:00,65892.3,65923.4,65882.8,65912.7,146.338
2026-07-22 10:20:00,65912.6,65940.0,65905.5,65937.3,192.577
2026-07-22 10:25:00,65937.3,65944.8,65925.4,65933.8,229.313
2026-07-22 10:30:00,65933.8,65945.0,65917.8,65939.3,153.193
2026-07-22 10:35:00,65939.4,65942.7,65922.7,65942.1,233.805
2026-07-22 10:40:00,65942.1,65970.3,65938.4,65957.1,816.816
2026-07-22 10:45:00,65957.1,66077.3,65957.0,66063.7,3773.504
2026-07-22 10:50:00,66063.8,66064.7,66034.8,66045.5,501.559
2026-07-22 10:55:00,66045.4,66045.5,65989.6,66016.2,478.469
2026-07-22 11:00:00,66016.2,66040.5,65987.8,66014.3,288.733
2026-07-22 11:05:00,66014.3,66048.8,65989.0,65997.9,223.727
2026-07-22 11:10:00,65998.0,66011.1,65985.0,65985.1,145.603
2026-07-22 11:15:00,65985.1,65985.1,65946.7,65959.4,226.856
2026-07-22 11:20:00,65959.4,66057.9,65959.4,66052.5,203.406
2026-07-22 11:25:00,66052.5,66055.5,66004.5,66019.4,146.468
2026-07-22 11:30:00,66019.5,66035.4,65996.2,66011.5,204.626
2026-07-22 11:35:00,66011.5,66030.9,65972.8,65977.6,147.881
2026-07-22 11:40:00,65977.6,65977.7,65874.3,65879.9,686.222
2026-07-22 11:45:00,65879.8,66022.1,65872.1,66003.7,600.129
2026-07-22 11:50:00,66003.8,66017.7,65986.9,65999.8,196.052
2026-07-22 11:55:00,65999.8,65999.9,65978.5,65981.4,105.333
2026-07-22 12:00:00,65981.3,65986.0,65907.2,65911.9,162.26
2026-07-22 12:05:00,65911.9,65912.0,65834.9,65856.4,374.747
2026-07-22 12:10:00,65856.4,65885.5,65844.3,65880.1,246.479
2026-07-22 12:15:00,65880.1,65906.4,65821.9,65828.1,250.067
2026-07-22 12:20:00,65828.1,65854.8,65810.2,65824.2,262.241
2026-07-22 12:25:00,65824.1,65877.7,65821.7,65854.5,238.415
2026-07-22 12:30:00,65854.4,65878.3,65765.0,65766.1,740.84
2026-07-22 12:35:00,65766.1,65800.0,65732.0,65798.7,479.417
2026-07-22 12:40:00,65798.6,65807.5,65750.0,65750.1,242.514
2026-07-22 12:45:00,65750.0,65800.0,65600.0,65646.1,1689.442
2026-07-22 12:50:00,65646.0,65722.7,65646.0,65711.1,619.784
2026-07-22 12:55:00,65711.1,65711.1,65505.0,65604.2,2525.997
2026-07-22 13:00:00,65604.1,65627.2,65581.0,65614.5,569.385
2026-07-22 13:05:00,65614.6,65655.6,65553.9,65655.6,482.768
2026-07-22 13:10:00,65655.5,65655.6,65618.9,65619.0,409.633
2026-07-22 13:15:00,65618.9,65619.0,65549.0,65588.8,552.416
2026-07-22 13:20:00,65588.8,65596.8,65539.8,65549.4,513.521
2026-07-22 13:25:00,65549.3,65607.9,65531.7,65590.6,485.646
2026-07-22 13:30:00,65590.7,65765.3,65571.4,65761.3,1324.23
2026-07-22 13:35:00,65761.4,65858.6,65700.0,65818.7,1395.393
2026-07-22 13:40:00,65818.7,65894.7,65763.7,65864.8,767.686
2026-07-22 13:45:00,65864.8,65956.0,65790.3,65870.4,836.416
2026-07-22 13:50:00,65870.4,65900.0,65780.2,65899.9,682.783
2026-07-22 13:55:00,65900.0,65942.1,65866.0,65924.9,574.509
2026-07-22 14:00:00,65924.9,66016.4,65866.0,66004.1,849.232
2026-07-22 14:05:00,66004.0,66190.4,65900.0,65971.9,2804.599
2026-07-22 14:10:00,65971.8,66008.0,65867.3,65873.5,768.453
2026-07-22 14:15:00,65873.4,65873.5,65676.7,65747.8,1668.823
2026-07-22 14:20:00,65747.8,65752.7,65592.2,65615.6,889.097
2026-07-22 14:25:00,65615.5,65696.9,65560.0,65591.4,699.724
2026-07-22 14:30:00,65591.3,65722.5,65556.3,65681.6,805.194
2026-07-22 14:35:00,65681.5,65849.8,65655.0,65698.1,684.276
2026-07-22 14:40:00,65698.2,65709.8,65631.1,65641.1,357.533
2026-07-22 14:45:00,65641.1,65728.2,65617.4,65716.0,308.807
2026-07-22 14:50:00,65716.0,65772.3,65703.7,65718.4,494.781
2026-07-22 14:55:00,65718.2,65771.1,65647.2,65770.2,267.66
2026-07-22 15:00:00,65770.2,65935.1,65770.0,65860.0,835.891
2026-07-22 15:05:00,65860.0,65874.5,65814.4,65845.2,413.652
2026-07-22 15:10:00,65845.3,65947.7,65830.9,65905.2,409.19
2026-07-22 15:15:00,65905.2,65955.0,65855.0,65951.7,379.463
2026-07-22 15:20:00,65951.8,66060.0,65940.9,65999.5,1636.204
2026-07-22 15:25:00,65999.6,66100.0,65984.0,66044.2,1099.811
2026-07-22 15:30:00,66044.1,66086.6,65957.7,65958.8,624.076
2026-07-22 15:35:00,65958.8,66008.8,65920.0,65946.2,387.287
2026-07-22 15:40:00,65946.1,66000.7,65920.1,65985.2,378.585
2026-07-22 15:45:00,65985.2,66029.4,65906.0,66014.8,325.17
2026-07-22 15:50:00,66014.7,66043.3,65954.3,65985.9,209.817
2026-07-22 15:55:00,65985.9,66029.2,65966.6,66014.8,174.772
2026-07-22 16:00:00,66014.8,66023.5,65965.0,65994.9,410.479
2026-07-22 16:05:00,65994.9,66125.7,65978.6,66115.5,735.08
2026-07-22 16:10:00,66115.6,66115.6,66037.1,66090.2,326.344
2026-07-22 16:15:00,66090.2,66090.3,65936.0,66030.9,337.932
2026-07-22 16:20:00,66030.9,66030.9,65939.5,65940.8,214.851
2026-07-22 16:25:00,65940.8,66005.1,65877.0,65990.0,524.492
2026-07-22 16:30:00,65990.1,66242.5,65977.0,66207.4,1216.244
2026-07-22 16:35:00,66207.5,66363.6,66166.8,66325.8,2226.787
2026-07-22 16:40:00,66325.8,66332.2,66229.0,66260.0,702.385
2026-07-22 16:45:00,66259.9,66263.0,66159.8,66163.0,506.414
2026-07-22 16:50:00,66163.0,66209.5,66120.0,66120.0,293.926
2026-07-22 16:55:00,66120.0,66210.1,66120.0,66199.7,274.529
2026-07-22 17:00:00,66199.8,66249.3,66174.8,66191.5,323.548
2026-07-22 17:05:00,66191.4,66242.8,66150.0,66168.8,242.371
2026-07-22 17:10:00,66168.7,66187.6,66135.9,66137.0,187.149
2026-07-22 17:15:00,66137.1,66140.6,66026.0,66042.1,477.668
2026-07-22 17:20:00,66042.2,66046.2,65970.0,66016.8,438.419
2026-07-22 17:25:00,66016.9,66016.9,65912.6,65963.0,430.809
2026-07-22 17:30:00,65962.9,66061.8,65951.0,66019.4,338.5
2026-07-22 17:35:00,66019.4,66120.0,66001.2,66109.7,238.309
2026-07-22 17:40:00,66109.8,66153.9,66105.7,66149.9,219.843
2026-07-22 17:45:00,66149.9,66208.9,66118.4,66126.4,423.667
2026-07-22 17:50:00,66126.4,66133.9,66013.7,66021.8,275.194
2026-07-22 17:55:00,66021.7,66049.9,65981.8,65997.5,213.539
2026-07-22 18:00:00,65997.5,66045.4,65978.6,66045.3,231.835
2026-07-22 18:05:00,66045.4,66052.8,65970.0,65970.1,105.821
2026-07-22 18:10:00,65970.0,65992.1,65946.1,65959.3,194.377
2026-07-22 18:15:00,65959.3,65982.0,65918.8,65966.7,207.287
2026-07-22 18:20:00,65966.7,66024.5,65835.2,65842.7,857.851
2026-07-22 18:25:00,65842.5,65889.6,65810.2,65865.3,357.66
2026-07-22 18:30:00,65865.4,65865.4,65701.2,65727.7,751.067
2026-07-22 18:35:00,65727.8,65786.7,65714.8,65725.6,575.004
2026-07-22 18:40:00,65725.7,65751.2,65706.5,65751.1,310.418
2026-07-22 18:45:00,65751.0,65824.6,65738.0,65784.4,271.357
2026-07-22 18:50:00,65784.4,65860.0,65780.6,65860.0,193.747
2026-07-22 18:55:00,65859.9,65900.9,65859.9,65860.5,284.548
2026-07-22 19:00:00,65860.6,65896.1,65821.2,65849.9,204.386
2026-07-22 19:05:00,65849.8,65849.9,65768.6,65768.6,200.034
2026-07-22 19:10:00,65768.6,65789.3,65650.2,65739.3,607.669
2026-07-22 19:15:00,65739.2,65819.0,65720.2,65819.0,296.854
2026-07-22 19:20:00,65819.0,65866.0,65784.0,65842.1,210.132
2026-07-22 19:25:00,65842.0,65897.0,65828.0,65863.8,181.278
2026-07-22 19:30:00,65863.8,65916.8,65862.9,65882.9,165.017
2026-07-22 19:35:00,65882.9,65899.9,65860.0,65866.1,142.449
2026-07-22 19:40:00,65866.0,65880.5,65829.9,65829.9,142.748
2026-07-22 19:45:00,65830.0,65865.9,65813.0,65857.7,291.213
2026-07-22 19:50:00,65857.7,65880.8,65832.4,65847.5,188.631
2026-07-22 19:55:00,65847.4,65924.0,65844.7,65891.1,566.628
2026-07-22 20:00:00,65891.2,65925.0,65814.9,65819.9,783.751
2026-07-22 20:05:00,65820.0,65833.5,65753.0,65801.2,202.976
2026-07-22 20:10:00,65801.1,65905.6,65780.6,65901.5,126.903
2026-07-22 20:15:00,65901.5,65922.9,65860.8,65900.5,97.201
2026-07-22 20:20:00,65900.5,65907.8,65867.3,65902.3,102.409
2026-07-22 20:25:00,65902.4,65954.3,65876.0,65900.4,495.753
2026-07-22 20:30:00,65900.5,65912.8,65870.6,65870.6,173.954
2026-07-22 20:35:00,65870.6,65910.0,65869.5,65907.0,66.687
2026-07-22 20:40:00,65907.0,65912.8,65883.0,65912.8,48.91
2026-07-22 20:45:00,65912.8,65912.8,65860.6,65880.1,85.824
2026-07-22 20:50:00,65880.1,65907.3,65880.1,65882.6,78.933
2026-07-22 20:55:00,65882.5,65897.6,65874.1,65887.8,56.745
2026-07-22 21:00:00,65887.8,65898.0,65871.6,65890.9,136.101
2026-07-22 21:05:00,65890.9,65905.0,65890.8,65890.9,56.306
2026-07-22 21:10:00,65890.9,65901.7,65883.2,65897.7,111.372
2026-07-22 21:15:00,65897.7,65912.8,65853.2,65885.0,142.561
2026-07-22 21:20:00,65885.0,65910.1,65884.4,65884.4,53.311
2026-07-22 21:25:00,65884.4,65884.4,65857.6,65877.0,54.558
2026-07-22 21:30:00,65877.0,65920.0,65876.9,65920.0,97.639
2026-07-22 21:35:00,65920.0,66042.8,65919.9,66012.5,457.297
2026-07-22 21:40:00,66012.4,66102.7,66012.4,66085.9,450.046
2026-07-22 21:45:00,66086.0,66097.8,66012.2,66083.8,297.352
2026-07-22 21:50:00,66083.7,66103.1,66015.0,66030.0,242.613
2026-07-22 21:55:00,66030.0,66037.5,66003.4,66034.5,102.67
2026-07-22 22:00:00,66034.5,66046.0,65933.8,65971.6,424.628
2026-07-22 22:05:00,65971.7,66010.0,65950.6,65973.7,90.916
2026-07-22 22:10:00,65973.7,66000.0,65965.8,65972.8,78.644
2026-07-22 22:15:00,65972.8,65988.8,65960.5,65965.6,69.582
2026-07-22 22:20:00,65965.6,65973.3,65891.8,65972.8,284.425
2026-07-22 22:25:00,65972.8,66000.0,65967.5,65990.3,52.012
2026-07-22 22:30:00,65990.2,65990.3,65943.9,65944.0,103.859
2026-07-22 22:35:00,65943.9,65944.0,65897.3,65922.3,106.786
2026-07-22 22:40:00,65922.3,65934.4,65903.1,65926.6,62.487
2026-07-22 22:45:00,65926.5,65998.3,65910.7,65994.9,111.492
2026-07-22 22:50:00,65994.9,66002.9,65974.2,66002.8,154.52
2026-07-22 22:55:00,66002.9,66019.6,65984.1,66013.8,121.205
2026-07-22 23:00:00,66013.9,66018.6,65983.3,65993.2,160.055
2026-07-22 23:05:00,65993.1,66033.0,65985.0,66033.0,168.279
2026-07-22 23:10:00,66033.0,66051.0,65825.5,65856.8,348.837
2026-07-22 23:15:00,65856.8,65894.1,65808.5,65860.6,264.379
2026-07-22 23:20:00,65860.6,65943.1,65860.5,65939.8,87.244
2026-07-22 23:25:00,65939.7,65967.2,65909.4,65938.2,192.323
2026-07-22 23:30:00,65938.1,65961.4,65926.6,65926.7,150.402
2026-07-22 23:35:00,65926.6,65949.2,65918.9,65944.0,117.656
2026-07-22 23:40:00,65944.1,65960.3,65931.8,65952.4,58.415
2026-07-22 23:45:00,65952.3,65996.2,65943.8,65996.0,109.539
2026-07-22 23:50:00,65996.0,66038.7,65987.5,66034.1,101.983
2026-07-22 23:55:00,66034.1,66116.5,66017.2,66082.0,506.362
2026-07-23 00:00:00,66082.0,66106.7,66021.6,66106.6,371.962
2026-07-23 00:05:00,66106.6,66233.2,66106.6,66171.9,607.902
2026-07-23 00:10:00,66172.0,66205.3,66117.6,66154.2,450.738
2026-07-23 00:15:00,66154.1,66220.0,66121.1,66157.3,321.068
2026-07-23 00:20:00,66157.4,66248.9,66157.3,66242.3,284.925
2026-07-23 00:25:00,66242.2,66284.1,66218.0,66218.0,447.09
2026-07-23 00:30:00,66218.0,66235.8,66152.1,66235.7,402.599
2026-07-23 00:35:00,66235.7,66240.0,66150.0,66167.9,248.919
2026-07-23 00:40:00,66168.0,66185.0,66110.0,66112.6,226.015
2026-07-23 00:45:00,66112.6,66170.2,66103.8,66108.2,312.923
2026-07-23 00:50:00,66108.3,66141.8,66075.0,66092.4,405.599
2026-07-23 00:55:00,66092.3,66092.4,66020.0,66023.8,389.611
2026-07-23 01:00:00,66023.8,66120.0,65995.9,66120.0,452.86
2026-07-23 01:05:00,66120.0,66180.0,65986.7,65990.7,661.801
2026-07-23 01:10:00,65990.8,66039.4,65990.7,66013.4,197.709
2026-07-23 01:15:00,66013.4,66013.4,65870.0,65887.5,873.511
2026-07-23 01:20:00,65887.5,65945.7,65863.3,65882.7,417.21
2026-07-23 01:25:00,65882.7,65931.0,65878.9,65895.3,235.984
2026-07-23 01:30:00,65895.2,65914.8,65798.3,65830.2,548.677
2026-07-23 01:35:00,65830.2,65830.2,65715.9,65738.3,821.072
2026-07-23 01:40:00,65738.3,65779.5,65722.7,65755.2,371.547
2026-07-23 01:45:00,65755.2,65805.7,65743.1,65799.6,346.334
2026-07-23 01:50:00,65799.5,65833.1,65751.4,65825.3,344.056
2026-07-23 01:55:00,65825.2,65834.8,65793.7,65793.8,128.655
2026-07-23 02:00:00,65793.7,65804.9,65707.0,65804.8,377.65
2026-07-23 02:05:00,65804.8,65808.9,65758.6,65780.0,153.604
2026-07-23 02:10:00,65780.1,65805.1,65700.0,65700.9,306.042
2026-07-23 02:15:00,65700.9,65736.4,65680.0,65725.9,232.231
2026-07-23 02:20:00,65725.8,65730.0,65668.0,65700.8,245.645
2026-07-23 02:25:00,65700.9,65716.9,65616.3,65707.8,472.348
2026-07-23 02:30:00,65707.7,65794.6,65690.0,65788.0,337.488
2026-07-23 02:35:00,65787.9,65794.6,65717.6,65735.9,194.076
2026-07-23 02:40:00,65736.0,65750.9,65692.4,65750.9,201.051
2026-07-23 02:45:00,65750.9,65806.9,65722.1,65760.1,224.171
2026-07-23 02:50:00,65760.0,65788.8,65739.5,65750.7,185.498
2026-07-23 02:55:00,65750.6,65793.7,65750.6,65777.4,98.082
2026-07-23 03:00:00,65777.4,65788.2,65706.4,65710.7,99.172
2026-07-23 03:05:00,65710.7,65721.8,65666.2,65711.6,353.423
2026-07-23 03:10:00,65711.6,65711.6,65560.0,65603.9,1342.819
2026-07-23 03:15:00,65603.9,65606.8,65567.0,65592.9,252.998
2026-07-23 03:20:00,65592.8,65658.5,65592.8,65611.4,234.574
2026-07-23 03:25:00,65611.4,65626.9,65548.0,65611.6,619.342
2026-07-23 03:30:00,65611.5,65665.4,65593.0,65642.0,201.181
2026-07-23 03:35:00,65641.9,65676.6,65618.0,65668.5,120.675
2026-07-23 03:40:00,65668.5,65673.4,65620.0,65657.3,170.092
2026-07-23 03:45:00,65657.2,65658.0,65613.0,65614.7,159.225
2026-07-23 03:50:00,65614.6,65657.2,65614.0,65633.1,151.587
2026-07-23 03:55:00,65633.1,65640.3,65614.6,65626.8,142.462
2026-07-23 04:00:00,65626.7,65626.8,65570.0,65619.7,327.591
2026-07-23 04:05:00,65619.8,65635.0,65558.0,65589.4,367.693
2026-07-23 04:10:00,65589.4,65647.7,65589.3,65643.1,158.218
2026-07-23 04:15:00,65643.0,65683.6,65608.2,65608.2,331.994
2026-07-23 04:20:00,65608.2,65680.0,65608.2,65675.0,161.945
2026-07-23 04:25:00,65674.9,65710.0,65666.7,65666.8,279.728
2026-07-23 04:30:00,65666.7,65670.1,65624.3,65638.2,173.672
2026-07-23 04:35:00,65638.3,65647.5,65600.1,65605.1,106.265
2026-07-23 04:40:00,65605.2,65609.7,65585.1,65600.6,187.069
2026-07-23 04:45:00,65600.6,65645.0,65584.7,65602.7,100.424
2026-07-23 04:50:00,65602.7,65602.8,65567.8,65576.2,186.868
2026-07-23 04:55:00,65576.1,65597.9,65565.0,65585.3,152.57
2026-07-23 05:00:00,65585.4,65592.0,65543.1,65560.3,248.751
2026-07-23 05:05:00,65560.3,65606.4,65560.2,65602.9,172.305
2026-07-23 05:10:00,65602.9,65618.2,65561.2,65612.1,194.634
2026-07-23 05:15:00,65612.2,65626.8,65573.3,65626.8,127.999
2026-07-23 05:20:00,65626.8,65666.0,65585.1,65614.5,211.418
2026-07-23 05:25:00,65614.6,65695.5,65614.5,65695.5,241.407
2026-07-23 05:30:00,65695.6,65764.8,65695.6,65716.0,452.309
2026-07-23 05:35:00,65716.1,65716.1,65674.4,65682.4,175.895
2026-07-23 05:40:00,65682.5,65721.3,65680.0,65708.0,111.057
2026-07-23 05:45:00,65708.0,65734.4,65660.0,65660.0,255.369
2026-07-23 05:50:00,65660.1,65660.1,65620.0,65620.2,216.878
2026-07-23 05:55:00,65620.1,65673.3,65620.1,65663.9,104.342
2026-07-23 06:00:00,65663.9,65693.4,65650.3,65669.7,135.162
2026-07-23 06:05:00,65669.8,65688.8,65634.0,65642.1,108.511
2026-07-23 06:10:00,65642.0,65650.0,65600.0,65639.3,131.587
2026-07-23 06:15:00,65639.4,65674.9,65635.7,65674.8,82.015
2026-07-23 06:20:00,65674.8,65696.9,65593.9,65607.2,224.661
2026-07-23 06:25:00,65607.1,65719.3,65607.1,65719.3,301.424
2026-07-23 06:30:00,65719.3,65719.3,65682.8,65682.9,156.187
2026-07-23 06:35:00,65682.9,65715.5,65680.2,65709.8,99.274
2026-07-23 06:40:00,65709.8,65753.6,65709.7,65740.1,184.623
2026-07-23 06:45:00,65740.1,65777.0,65738.0,65768.1,187.504
2026-07-23 06:50:00,65768.0,65793.7,65739.5,65773.3,307.876
2026-07-23 06:55:00,65773.3,65773.3,65753.3,65763.2,102.591
2026-07-23 07:00:00,65763.3,65763.3,65653.6,65680.8,362.584
2026-07-23 07:05:00,65680.8,65689.7,65641.7,65657.8,282.684
2026-07-23 07:10:00,65657.7,65664.3,65313.7,65423.4,3746.964
2026-07-23 07:15:00,65423.4,65453.1,65380.0,65425.1,898.005
2026-07-23 07:20:00,65425.2,65434.7,65367.2,65408.8,516.161
2026-07-23 07:25:00,65408.8,65430.5,65382.6,65408.6,498.092
2026-07-23 07:30:00,65408.5,65431.6,65380.0,65394.5,430.225
2026-07-23 07:35:00,65394.5,65425.8,65388.0,65401.1,213.444
2026-07-23 07:40:00,65401.2,65409.3,65350.0,65364.8,597.31
2026-07-23 07:45:00,65364.8,65405.0,65340.0,65381.9,375.099
2026-07-23 07:50:00,65382.0,65395.0,65333.1,65394.4,351.179
2026-07-23 07:55:00,65394.5,65428.4,65394.4,65405.3,258.91
2026-07-23 08:00:00,65405.3,65444.8,65383.6,65403.1,452.015
2026-07-23 08:05:00,65403.1,65495.4,65403.0,65481.0,386.054
2026-07-23 08:10:00,65480.9,65534.9,65480.9,65503.5,405.147
2026-07-23 08:15:00,65503.6,65550.0,65484.0,65544.5,310.64
2026-07-23 08:20:00,65544.5,65581.8,65497.5,65504.9,376.765
2026-07-23 08:25:00,65505.0,65564.2,65476.5,65564.1,189.83
2026-07-23 08:30:00,65564.1,65637.2,65564.1,65600.0,492.644
2026-07-23 08:35:00,65599.9,65617.0,65577.8,65582.3,174.846
2026-07-23 08:40:00,65582.4,65617.0,65557.6,65605.0,194.061
2026-07-23 08:45:00,65605.0,65620.0,65600.0,65600.0,132.578
2026-07-23 08:50:00,65600.0,65608.2,65562.7,65598.1,237.965
2026-07-23 08:55:00,65598.2,65632.0,65582.2,65605.9,225.218
2026-07-23 09:00:00,65605.8,65698.5,65573.8,65694.5,424.949
2026-07-23 09:05:00,65694.5,65710.0,65645.0,65681.9,547.501
2026-07-23 09:10:00,65681.8,65685.1,65635.2,65643.5,166.644
2026-07-23 09:15:00,65643.5,65691.1,65643.5,65691.1,183.952
2026-07-23 09:20:00,65691.1,65732.3,65669.1,65673.8,277.753
2026-07-23 09:25:00,65673.7,65700.0,65670.0,65684.2,191.034
2026-07-23 09:30:00,65684.3,65704.9,65657.9,65670.8,186.015
2026-07-23 09:35:00,65670.8,65680.3,65651.3,65678.7,209.995
2026-07-23 09:40:00,65678.8,65700.0,65678.7,65699.9,92.549
2026-07-23 09:45:00,65699.9,65703.4,65647.0,65669.4,214.855
2026-07-23 09:50:00,65669.5,65677.4,65637.2,65643.4,220.4
2026-07-23 09:55:00,65643.5,65648.4,65580.5,65607.9,315.381
2026-07-23 10:00:00,65607.9,65634.0,65555.1,65633.9,461.085
2026-07-23 10:05:00,65633.9,65679.9,65632.5,65658.7,272.533
2026-07-23 10:10:00,65658.7,65690.0,65654.2,65690.0,173.486
2026-07-23 10:15:00,65690.0,65698.7,65664.8,65677.5,251.62
2026-07-23 10:20:00,65677.4,65684.7,65648.3,65684.6,100.855
2026-07-23 10:25:00,65684.6,65736.1,65684.6,65736.1,275.148
2026-07-23 10:30:00,65736.1,65756.2,65710.1,65710.1,317.432
2026-07-23 10:35:00,65710.1,65749.0,65710.1,65738.3,106.29
2026-07-23 10:40:00,65738.3,65748.8,65734.3,65748.7,147.815
2026-07-23 10:45:00,65748.8,65756.6,65735.1,65753.7,143.934
2026-07-23 10:50:00,65753.7,65753.9,65689.1,65695.5,307.041
2026-07-23 10:55:00,65695.5,65712.1,65683.1,65704.2,280.73
2026-07-23 11:00:00,65704.1,65709.4,65659.2,65659.9,214.061
2026-07-23 11:05:00,65659.9,65663.6,65629.2,65633.3,165.316
2026-07-23 11:10:00,65633.3,65683.0,65633.3,65683.0,142.032
2026-07-23 11:15:00,65683.0,65687.8,65646.4,65659.0,82.975
2026-07-23 11:20:00,65659.0,65659.0,65590.9,65610.5,318.773
2026-07-23 11:25:00,65610.5,65622.5,65594.1,65594.1,91.53
2026-07-23 11:30:00,65594.1,65611.2,65570.9,65598.1,230.417
2026-07-23 11:35:00,65598.2,65598.2,65553.0,65553.1,161.247
2026-07-23 11:40:00,65553.0,65553.8,65516.1,65528.0,292.408
2026-07-23 11:45:00,65528.1,65554.3,65511.0,65530.1,259.368
2026-07-23 11:50:00,65530.1,65599.3,65530.0,65542.2,291.937
2026-07-23 11:55:00,65542.3,65544.0,65512.0,65525.4,124.762
2026-07-23 12:00:00,65525.4,65557.8,65476.2,65536.3,518.144
2026-07-23 12:05:00,65536.2,65555.0,65460.0,65461.8,247.072
2026-07-23 12:10:00,65461.8,65497.4,65429.5,65480.4,399.059
2026-07-23 12:15:00,65480.4,65488.0,65376.5,65400.1,1125.851
2026-07-23 12:20:00,65400.0,65490.0,65361.0,65394.2,565.987
2026-07-23 12:25:00,65394.2,65435.2,65383.0,65392.9,492.581
2026-07-23 12:30:00,65393.0,65398.2,65203.2,65255.3,2343.575
2026-07-23 12:35:00,65255.3,65269.3,65114.0,65139.6,2000.129
2026-07-23 12:40:00,65139.7,65162.5,65063.0,65083.3,1960.39
2026-07-23 12:45:00,65083.3,65138.6,64927.3,65120.1,3315.921
2026-07-23 12:50:00,65120.0,65234.4,65113.0,65203.5,1526.294
2026-07-23 12:55:00,65203.5,65203.5,65102.3,65138.0,1057.523
2026-07-23 13:00:00,65138.0,65200.0,65082.4,65093.1,772.369
2026-07-23 13:05:00,65093.1,65103.5,65000.0,65000.0,895.143
2026-07-23 13:10:00,65000.1,65057.2,64980.0,65011.3,805.773
2026-07-23 13:15:00,65011.4,65049.4,64966.2,65009.4,716.946
2026-07-23 13:20:00,65009.4,65076.6,64992.7,65033.7,646.478
2026-07-23 13:25:00,65033.7,65049.6,64927.9,64995.6,897.99
2026-07-23 13:30:00,64995.5,65174.6,64993.7,65159.0,1226.206
2026-07-23 13:35:00,65158.9,65167.0,64938.0,64980.6,1223.13
2026-07-23 13:40:00,64980.6,65100.0,64980.6,65066.3,629.719
2026-07-23 13:45:00,65066.3,65078.7,64839.1,64948.4,2382.286
2026-07-23 13:50:00,64948.4,65215.3,64839.2,65067.7,2938.395
2026-07-23 13:55:00,65067.6,65096.5,64858.6,64858.6,968.195
2026-07-23 14:00:00,64858.7,64936.0,64822.7,64936.0,1636.349
2026-07-23 14:05:00,64935.9,64945.2,64801.0,64887.3,1629.42
2026-07-23 14:10:00,64887.4,65058.0,64887.4,65032.0,1225.009
2026-07-23 14:15:00,65032.0,65067.0,64991.7,65067.0,978.312
2026-07-23 14:20:00,65067.0,65197.0,65058.2,65110.6,1472.846
2026-07-23 14:25:00,65110.5,65150.0,65078.7,65127.2,503.862
2026-07-23 14:30:00,65127.2,65137.6,65008.0,65048.7,576.851
2026-07-23 14:35:00,65048.7,65187.8,65021.6,65149.4,558.158
2026-07-23 14:40:00,65149.5,65160.2,65006.0,65006.1,792.375
2026-07-23 14:45:00,65006.0,65006.1,64900.0,64909.8,705.732
2026-07-23 14:50:00,64909.8,64926.5,64823.4,64838.3,986.023
2026-07-23 14:55:00,64838.3,64887.0,64825.0,64884.6,637.75
2026-07-23 15:00:00,64884.7,64900.7,64820.1,64862.2,1079.18
2026-07-23 15:05:00,64862.2,64881.1,64770.0,64800.1,1942.804
2026-07-23 15:10:00,64800.1,64809.3,64696.2,64745.9,2126.16
2026-07-23 15:15:00,64745.9,64858.4,64738.8,64858.4,679.205
2026-07-23 15:20:00,64858.4,64945.7,64801.2,64919.8,1002.743
2026-07-23 15:25:00,64919.8,64932.1,64830.0,64844.0,587.058
2026-07-23 15:30:00,64844.0,64905.2,64797.7,64887.7,564.326
2026-07-23 15:35:00,64887.6,64936.1,64840.1,64929.8,433.882
2026-07-23 15:40:00,64929.7,64960.0,64878.5,64878.7,434.406
2026-07-23 15:45:00,64878.7,64949.6,64837.4,64949.6,286.932
2026-07-23 15:50:00,64949.5,65003.6,64926.6,64937.6,460.318
2026-07-23 15:55:00,64937.6,64974.7,64927.9,64940.4,544.33
2026-07-23 16:00:00,64940.4,64940.5,64844.0,64851.2,503.482
2026-07-23 16:05:00,64851.2,64851.3,64777.0,64816.6,577.837
2026-07-23 16:10:00,64816.6,64887.0,64816.6,64854.4,268.612
2026-07-23 16:15:00,64854.4,64862.9,64725.8,64746.6,539.571
2026-07-23 16:20:00,64746.7,64810.6,64743.1,64804.3,311.775
2026-07-23 16:25:00,64804.3,64829.9,64771.4,64797.1,224.88
2026-07-23 16:30:00,64797.2,64797.2,64707.6,64712.7,448.03
2026-07-23 16:35:00,64712.6,64778.4,64701.0,64765.1,350.091
2026-07-23 16:40:00,64765.1,64765.1,64688.0,64721.4,659.554
2026-07-23 16:45:00,64721.3,64749.8,64715.5,64725.4,232.053
2026-07-23 16:50:00,64725.4,64747.1,64706.0,64743.7,224.408
2026-07-23 16:55:00,64743.6,64811.0,64731.4,64731.4,337.674
2026-07-23 17:00:00,64731.5,64782.0,64705.9,64745.7,476.27
2026-07-23 17:05:00,64745.7,64778.7,64724.8,64764.4,232.804
2026-07-23 17:10:00,64764.4,64796.6,64716.7,64754.2,212.693
2026-07-23 17:15:00,64754.1,64810.0,64720.8,64744.9,310.804
2026-07-23 17:20:00,64745.0,64852.9,64745.0,64837.1,500.369
2026-07-23 17:25:00,64837.0,64850.1,64783.1,64827.8,460.793
2026-07-23 17:30:00,64827.9,64877.6,64808.1,64860.0,291.375
2026-07-23 17:35:00,64860.1,64863.8,64773.0,64789.9,275.305
2026-07-23 17:40:00,64789.9,64814.4,64780.8,64813.5,139.791
2026-07-23 17:45:00,64813.4,64859.5,64795.2,64820.6,186.907
2026-07-23 17:50:00,64820.6,64823.1,64783.1,64785.4,170.336
2026-07-23 17:55:00,64785.4,64799.2,64636.0,64654.4,1285.567
2026-07-23 18:00:00,64654.4,64712.2,64654.3,64692.1,449.572
2026-07-23 18:05:00,64692.1,64754.5,64668.0,64754.5,340.542
2026-07-23 18:10:00,64754.4,64754.6,64713.4,64713.4,191.662
2026-07-23 18:15:00,64713.5,64746.0,64690.8,64713.2,190.245
2026-07-23 18:20:00,64713.2,64743.0,64680.0,64730.7,219.649
2026-07-23 18:25:00,64730.7,64801.6,64726.7,64790.4,294.096
2026-07-23 18:30:00,64790.4,64845.0,64773.0,64844.9,236.952
2026-07-23 18:35:00,64845.0,64855.1,64791.3,64793.6,175.922
2026-07-23 18:40:00,64793.7,64802.9,64751.9,64791.0,135.1
2026-07-23 18:45:00,64790.9,64887.0,64790.9,64857.7,418.161
2026-07-23 18:50:00,64857.7,64924.9,64846.7,64852.0,468.988
2026-07-23 18:55:00,64852.0,64886.7,64825.8,64842.5,188.776
2026-07-23 19:00:00,64842.5,64908.1,64842.5,64875.3,198.203
2026-07-23 19:05:00,64875.4,64876.7,64847.6,64856.2,172.236
2026-07-23 19:10:00,64856.2,64858.6,64731.1,64786.9,445.814
2026-07-23 19:15:00,64786.9,64839.7,64772.5,64772.6,178.053
2026-07-23 19:20:00,64772.5,64830.9,64763.1,64830.9,172.238
2026-07-23 19:25:00,64830.9,64877.2,64830.8,64871.5,104.161
2026-07-23 19:30:00,64871.6,64906.2,64864.4,64878.4,209.313
2026-07-23 19:35:00,64878.4,64878.4,64789.3,64789.4,195.153
2026-07-23 19:40:00,64789.3,64791.8,64710.0,64731.5,288.129
2026-07-23 19:45:00,64731.5,64741.8,64680.0,64684.3,363.233
2026-07-23 19:50:00,64684.4,64764.6,64670.0,64700.3,695.012
2026-07-23 19:55:00,64700.3,64852.4,64700.3,64820.7,432.494
2026-07-23 20:00:00,64820.7,64934.8,64809.7,64919.0,620.979
2026-07-23 20:05:00,64918.9,65037.7,64916.6,65014.8,1354.625
2026-07-23 20:10:00,65014.7,65035.0,65009.9,65027.8,306.119
2026-07-23 20:15:00,65027.7,65123.4,65025.0,65104.7,916.202
2026-07-23 20:20:00,65104.8,65130.3,65068.0,65105.4,595.186
2026-07-23 20:25:00,65105.3,65176.0,65105.3,65141.4,495.343
2026-07-23 20:30:00,65141.3,65148.0,65090.8,65093.7,332.382
2026-07-23 20:35:00,65093.7,65125.8,65091.0,65091.1,164.664
2026-07-23 20:40:00,65091.1,65101.0,65078.4,65099.3,167.257
2026-07-23 20:45:00,65099.3,65110.4,65080.0,65110.4,179.489
2026-07-23 20:50:00,65110.3,65118.3,65093.4,65105.0,141.189
2026-07-23 20:55:00,65105.0,65143.8,65104.9,65117.7,208.945
2026-07-23 21:00:00,65117.6,65183.1,65117.6,65125.3,439.949
2026-07-23 21:05:00,65125.2,65126.0,65054.0,65054.0,320.058
2026-07-23 21:10:00,65054.0,65063.9,64979.9,65021.8,368.308
2026-07-23 21:15:00,65021.8,65026.8,64980.8,65000.0,145.534
2026-07-23 21:20:00,65000.0,65059.3,64999.6,65047.6,199.975
2026-07-23 21:25:00,65047.6,65114.8,65047.5,65087.9,145.319
2026-07-23 21:30:00,65087.9,65087.9,65063.0,65068.6,90.162
2026-07-23 21:35:00,65068.6,65083.5,65032.4,65048.8,102.227
2026-07-23 21:40:00,65048.9,65071.3,65033.0,65069.9,142.26
2026-07-23 21:45:00,65069.9,65128.4,65069.9,65128.4,246.269
2026-07-23 21:50:00,65128.4,65132.9,65093.7,65106.1,141.471
2026-07-23 21:55:00,65106.1,65137.4,65090.0,65137.4,119.529
2026-07-23 22:00:00,65137.4,65150.0,65093.7,65141.3,205.341
2026-07-23 22:05:00,65141.3,65188.8,65132.1,65132.1,255.219
2026-07-23 22:10:00,65132.1,65132.2,65050.0,65064.8,178.619
2026-07-23 22:15:00,65064.8,65074.7,64976.7,65030.4,711.435
2026-07-23 22:20:00,65030.4,65129.8,65030.3,65120.3,264.749
2026-07-23 22:25:00,65120.3,65168.7,65111.1,65111.2,234.349
2026-07-23 22:30:00,65111.1,65153.8,65111.1,65153.7,162.611
2026-07-23 22:35:00,65153.8,65187.5,65150.4,65181.3,209.392
2026-07-23 22:40:00,65181.3,65193.5,65138.1,65172.2,222.973
2026-07-23 22:45:00,65172.3,65172.3,65147.3,65153.8,163.135
2026-07-23 22:50:00,65153.8,65154.5,65102.9,65122.6,121.844
2026-07-23 22:55:00,65122.6,65168.3,65122.6,65158.2,273.38
2026-07-23 23:00:00,65158.2,65180.5,65140.0,65155.8,189.754
2026-07-23 23:05:00,65155.7,65181.5,65140.0,65140.0,253.1
2026-07-23 23:10:00,65140.0,65172.0,65120.0,65158.6,247.353
2026-07-23 23:15:00,65158.6,65168.5,65148.7,65168.3,131.336
2026-07-23 23:20:00,65168.2,65189.5,65134.3,65137.2,162.829
2026-07-23 23:25:00,65137.3,65148.8,65113.2,65148.0,142.295
2026-07-23 23:30:00,65147.9,65167.5,65113.2,65166.9,129.447
2026-07-23 23:35:00,65166.9,65178.1,65146.6,65157.7,117.058
2026-07-23 23:40:00,65157.7,65157.7,65122.0,65140.6,183.305
2026-07-23 23:45:00,65140.5,65153.6,65102.4,65102.9,142.438
2026-07-23 23:50:00,65102.9,65104.5,65038.7,65047.0,255.834
2026-07-23 23:55:00,65047.0,65069.6,65018.8,65069.6,218.407
2026-07-24 00:00:00,65069.6,65084.0,64972.8,64999.9,741.678
2026-07-24 00:05:00,64999.9,65000.0,64901.8,64921.5,668.367
2026-07-24 00:10:00,64921.5,64937.9,64865.3,64904.3,462.435
2026-07-24 00:15:00,64904.2,64928.0,64885.2,64895.0,222.746
2026-07-24 00:20:00,64895.0,64964.0,64878.4,64935.0,262.334
2026-07-24 00:25:00,64935.0,64935.1,64851.2,64853.8,243.211
2026-07-24 00:30:00,64853.8,64898.8,64742.4,64811.7,1007.962
2026-07-24 00:35:00,64811.6,64884.0,64762.2,64765.1,293.5
2026-07-24 00:40:00,64765.0,64837.5,64733.2,64824.9,302.384
2026-07-24 00:45:00,64824.8,64906.0,64824.8,64905.9,255.247
2026-07-24 00:50:00,64905.9,64927.4,64888.6,64889.8,187.55
2026-07-24 00:55:00,64889.7,64954.7,64876.0,64953.1,183.587
2026-07-24 01:00:00,64953.0,65073.2,64912.4,65056.1,627.072
2026-07-24 01:05:00,65056.0,65100.0,65020.9,65048.2,564.713
2026-07-24 01:10:00,65048.1,65060.1,64989.3,65011.6,153.285
2026-07-24 01:15:00,65011.7,65022.8,64964.2,65011.3,241.849
2026-07-24 01:20:00,65011.2,65013.3,64963.7,65013.2,108.609
2026-07-24 01:25:00,65013.2,65095.1,65002.6,65002.6,229.006
2026-07-24 01:30:00,65002.6,65103.5,65000.0,65096.4,218.128
2026-07-24 01:35:00,65096.3,65146.4,65077.0,65095.7,318.923
2026-07-24 01:40:00,65095.7,65132.5,65069.3,65070.9,172.773
2026-07-24 01:45:00,65070.9,65107.0,65060.1,65068.6,223.387
2026-07-24 01:50:00,65068.6,65097.6,65045.2,65073.9,140.381
2026-07-24 01:55:00,65073.9,65077.1,65031.1,65053.2,91.622
2026-07-24 02:00:00,65053.2,65096.8,65050.4,65050.4,118.474
2026-07-24 02:05:00,65050.4,65104.5,65035.2,65104.5,141.608
2026-07-24 02:10:00,65104.5,65164.8,65098.6,65140.8,242.522
2026-07-24 02:15:00,65140.8,65142.7,65088.0,65103.7,136.264
2026-07-24 02:20:00,65103.7,65132.9,65051.9,65126.4,169.265
2026-07-24 02:25:00,65126.5,65144.3,65098.3,65124.6,302.69
2026-07-24 02:30:00,65124.6,65124.6,64912.3,64916.4,495.333
2026-07-24 02:35:00,64916.5,64960.0,64890.5,64960.0,374.952
2026-07-24 02:40:00,64960.0,65044.1,64959.9,65029.5,244.184
2026-07-24 02:45:00,65029.5,65033.7,64907.4,64950.9,274.265
2026-07-24 02:50:00,64951.0,65003.0,64917.8,64984.1,256.171
2026-07-24 02:55:00,64984.2,65091.9,64984.1,65091.8,475.648
2026-07-24 03:00:00,65091.8,65142.0,65045.0,65142.0,408.202
2026-07-24 03:05:00,65141.9,65289.9,65140.6,65245.4,1354.346
2026-07-24 03:10:00,65245.5,65295.6,65225.0,65293.3,480.443
2026-07-24 03:15:00,65293.4,65374.6,65293.3,65326.8,1014.181
2026-07-24 03:20:00,65326.8,65364.4,65284.3,65284.3,679.445
2026-07-24 03:25:00,65284.3,65375.0,65272.3,65296.7,355.601
2026-07-24 03:30:00,65296.8,65339.9,65240.4,65291.6,498.823
2026-07-24 03:35:00,65291.5,65303.8,65250.9,65275.7,272.278
2026-07-24 03:40:00,65275.8,65395.8,65275.7,65382.9,594.941
2026-07-24 03:45:00,65382.9,65436.8,65360.3,65418.6,585.771
2026-07-24 03:50:00,65418.5,65421.7,65380.0,65386.3,427.885
2026-07-24 03:55:00,65386.4,65435.1,65386.0,65425.4,447.046
2026-07-24 04:00:00,65425.5,65440.0,65391.9,65403.8,807.352
2026-07-24 04:05:00,65403.9,65417.1,65362.3,65382.9,656.646
2026-07-24 04:10:00,65382.9,65388.4,65354.5,65361.8,231.909
2026-07-24 04:15:00,65361.9,65361.9,65328.4,65356.5,291.838
2026-07-24 04:20:00,65356.5,65413.6,65300.6,65377.5,328.373
2026-07-24 04:25:00,65377.6,65398.6,65367.0,65383.1,172.352
2026-07-24 04:30:00,65383.1,65386.0,65346.6,65350.0,185.447
2026-07-24 04:35:00,65350.0,65352.7,65304.3,65304.3,276.866
2026-07-24 04:40:00,65304.4,65310.1,65268.0,65309.2,352.527
2026-07-24 04:45:00,65309.3,65329.9,65290.8,65303.8,115.487
2026-07-24 04:50:00,65303.9,65312.4,65276.1,65276.2,215.072
2026-07-24 04:55:00,65276.2,65282.9,65235.4,65281.9,283.638
2026-07-24 05:00:00,65282.0,65284.8,65213.0,65236.3,330.435
2026-07-24 05:05:00,65236.4,65365.9,65236.3,65337.4,380.074
2026-07-24 05:10:00,65337.4,65342.8,65313.6,65318.8,102.127
2026-07-24 05:15:00,65318.7,65344.7,65311.4,65326.8,115.251
2026-07-24 05:20:00,65326.7,65333.4,65300.0,65326.9,122.191
2026-07-24 05:25:00,65326.9,65326.9,65300.0,65305.1,74.497
2026-07-24 05:30:00,65305.1,65305.2,65260.1,65267.8,178.954
2026-07-24 05:35:00,65267.8,65272.9,65235.4,65244.2,130.647
2026-07-24 05:40:00,65244.2,65281.6,65230.1,65273.1,124.038
2026-07-24 05:45:00,65273.0,65305.2,65272.9,65278.2,100.803
2026-07-24 05:50:00,65278.2,65284.8,65256.0,65284.5,74.456
2026-07-24 05:55:00,65284.5,65284.5,65255.8,65282.3,77.357
2026-07-24 06:00:00,65282.4,65288.0,65249.0,65287.9,153.59
2026-07-24 06:05:00,65288.0,65295.8,65245.6,65295.8,138.325
2026-07-24 06:10:00,65295.8,65356.1,65294.4,65356.0,216.381
2026-07-24 06:15:00,65355.9,65475.9,65326.3,65463.6,808.271
2026-07-24 06:20:00,65463.5,65465.2,65381.4,65427.6,546.333
2026-07-24 06:25:00,65427.6,65450.0,65390.0,65425.2,323.893
2026-07-24 06:30:00,65425.1,65428.5,65360.1,65421.5,206.345
2026-07-24 06:35:00,65421.5,65490.0,65421.4,65463.7,529.477
2026-07-24 06:40:00,65463.6,65463.6,65419.5,65428.8,168.042
2026-07-24 06:45:00,65428.7,65450.0,65394.3,65415.1,215.465
2026-07-24 06:50:00,65415.0,65430.0,65407.3,65427.9,148.774
2026-07-24 06:55:00,65428.0,65441.6,65396.0,65441.6,117.894
2026-07-24 07:00:00,65441.6,65550.0,65440.5,65513.1,990.91
2026-07-24 07:05:00,65513.1,65597.7,65506.4,65594.9,485.893
2026-07-24 07:10:00,65594.9,65741.5,65587.4,65740.0,2233.737
2026-07-24 07:15:00,65739.9,65780.0,65667.3,65693.9,1669.883
2026-07-24 07:20:00,65693.9,65706.1,65604.2,65613.4,777.313
2026-07-24 07:25:00,65613.3,65638.0,65592.7,65613.7,436.829
2026-07-24 07:30:00,65613.7,65672.0,65521.8,65534.6,1100.137
2026-07-24 07:35:00,65534.6,65534.6,65418.2,65458.1,1727.281
2026-07-24 07:40:00,65458.2,65458.2,65338.0,65348.4,1626.657
2026-07-24 07:45:00,65348.3,65423.4,65340.1,65423.4,697.374
2026-07-24 07:50:00,65423.4,65471.5,65390.4,65471.4,696.183
2026-07-24 07:55:00,65471.5,65478.4,65466.0,65470.0,413.037
2026-07-24 08:00:00,65470.1,65477.2,65401.2,65406.1,571.462
2026-07-24 08:05:00,65406.1,65470.8,65395.2,65460.1,301.721
2026-07-24 08:10:00,65460.1,65460.1,65395.1,65410.1,250.108
2026-07-24 08:15:00,65410.1,65450.0,65385.6,65385.6,319.242
2026-07-24 08:20:00,65385.7,65385.7,65326.0,65326.1,326.56
2026-07-24 08:25:00,65326.1,65363.2,65280.9,65363.1,418.087
2026-07-24 08:30:00,65363.1,65395.4,65363.1,65375.1,172.068
2026-07-24 08:35:00,65375.0,65425.5,65361.4,65418.6,260.852
2026-07-24 08:40:00,65418.6,65419.7,65402.3,65412.6,212.365
2026-07-24 08:45:00,65412.7,65420.0,65392.1,65398.3,321.755
2026-07-24 08:50:00,65398.3,65398.4,65300.0,65300.0,206.169
2026-07-24 08:55:00,65300.1,65303.7,65274.5,65274.6,302.137
2026-07-24 09:00:00,65274.6,65290.7,65172.0,65173.7,733.485
2026-07-24 09:05:00,65173.7,65175.0,65081.0,65100.4,1577.978
2026-07-24 09:10:00,65100.5,65103.7,65015.0,65015.1,775.947
2026-07-24 09:15:00,65015.1,65046.9,64927.0,64971.5,1012.693
2026-07-24 09:20:00,64971.4,64995.8,64919.7,64944.7,655.152
2026-07-24 09:25:00,64944.7,65000.3,64933.3,64941.9,674.382
2026-07-24 09:30:00,64941.9,64991.9,64932.7,64963.4,554.5
2026-07-24 09:35:00,64963.4,65030.8,64950.0,65016.5,510.033
2026-07-24 09:40:00,65016.5,65075.0,65016.5,65050.1,479.622
2026-07-24 09:45:00,65050.0,65108.8,65047.0,65060.9,282.724
2026-07-24 09:50:00,65060.9,65111.1,65058.7,65098.0,224.95
2026-07-24 09:55:00,65098.0,65105.0,65072.9,65088.1,182.532
2026-07-24 10:00:00,65088.2,65132.2,65056.5,65086.8,381.37
2026-07-24 10:05:00,65086.8,65086.8,65016.9,65021.2,268.16
2026-07-24 10:10:00,65021.3,65047.0,64970.0,64973.5,317.661
2026-07-24 10:15:00,64973.5,64997.0,64940.4,64941.6,353.894
2026-07-24 10:20:00,64941.6,64989.1,64941.3,64984.7,271.555
2026-07-24 10:25:00,64984.7,65005.5,64964.9,64985.4,267.334
2026-07-24 10:30:00,64985.3,65031.4,64985.3,64987.8,287.995
2026-07-24 10:35:00,64987.8,65013.1,64970.1,64983.2,167.533
2026-07-24 10:40:00,64983.3,65013.1,64975.8,64990.0,141.648
2026-07-24 10:45:00,64990.0,65010.3,64980.6,64994.4,128.983
2026-07-24 10:50:00,64994.4,64994.5,64878.0,64890.0,549.979
2026-07-24 10:55:00,64890.1,64927.8,64882.8,64927.8,188.637
2026-07-24 11:00:00,64927.7,64980.4,64886.2,64969.5,393.365
2026-07-24 11:05:00,64969.4,64996.0,64944.0,64944.0,224.169
2026-07-24 11:10:00,64944.1,64989.1,64930.0,64968.6,159.986
2026-07-24 11:15:00,64968.7,65020.5,64968.6,65004.0,189.112
2026-07-24 11:20:00,65004.0,65016.8,64991.6,65011.9,145.904
2026-07-24 11:25:00,65011.9,65033.5,64993.7,64997.8,197.562
2026-07-24 11:30:00,64997.9,65026.5,64927.6,64954.8,404.831
2026-07-24 11:35:00,64954.9,64979.7,64924.6,64979.7,228.657
2026-07-24 11:40:00,64979.6,64979.6,64954.7,64957.0,26.415
