index,prediction,predicted_side,actual,correct,confidence,reliability,publish,entry,future
0,SHORT,SHORT,LONG,False,54.67,74.64,True,64697.7,64716.1
1,LONG,LONG,SHORT,False,40.74,71.07,True,64779.8,64737.5
2,LONG,LONG,SHORT,False,48.29,71.07,True,64876.4,64700.1
3,LONG,LONG,SHORT,False,53.62,74.64,True,64845.9,64621.3
4,LONG,LONG,SHORT,False,54.73,74.64,True,64823.1,64507.2
5,LONG,LONG,SHORT,False,55.46,74.64,True,64839.4,64511.3
6,LONG,LONG,SHORT,False,49.05,73.45,True,64775.1,64421.4
7,LONG,LONG,SHORT,False,65.09,74.64,True,64710.9,64385.1
8,LONG,LONG,SHORT,False,39.21,71.07,True,64674.3,64217.0
9,LONG,LONG,SHORT,False,32.72,69.28,True,64646.7,64342.1
10,LONG,LONG,SHORT,False,34.81,69.28,True,64687.6,64168.9
11,LONG,LONG,SHORT,False,38.88,69.28,True,64733.6,64160.0
12,LONG,LONG,SHORT,False,38.36,69.28,True,64716.1,64145.7
13,LONG,LONG,SHORT,False,42.87,71.07,True,64737.5,64171.5
14,LONG,LONG,SHORT,False,40.49,71.07,True,64700.1,64178.9
15,SHORT,SHORT,SHORT,True,53.42,73.53,True,64621.3,64149.9
16,SHORT,SHORT,SHORT,True,54.88,73.53,True,64507.2,64085.7
17,SHORT,SHORT,SHORT,True,51.73,72.34,True,64511.3,64101.7
18,SHORT,SHORT,SHORT,True,51.96,72.34,True,64421.4,64119.9
19,SHORT,SHORT,SHORT,True,55.96,73.53,True,64385.1,64122.8
20,SHORT,SHORT,SHORT,True,56.79,73.53,True,64217.0,64170.0
21,SHORT,SHORT,SHORT,True,55.8,73.53,True,64342.1,64162.6
22,SHORT,SHORT,SHORT,True,61.01,73.53,True,64168.9,64075.4
23,SHORT,SHORT,SHORT,True,60.74,73.53,True,64160.0,64107.2
24,SHORT,SHORT,SHORT,True,66.57,74.64,True,64145.7,63979.9
25,SHORT,SHORT,SHORT,True,64.94,74.64,True,64171.5,63919.5
26,SHORT,SHORT,SHORT,True,61.79,74.64,True,64178.9,63793.7
27,SHORT,SHORT,SHORT,True,62.5,74.64,True,64149.9,63847.8
28,SHORT,SHORT,SHORT,True,64.4,74.64,True,64085.7,63890.6
29,SHORT,SHORT,SHORT,True,64.13,74.64,True,64101.7,63890.0
30,SHORT,SHORT,SHORT,True,64.51,74.64,True,64119.9,63960.0
31,SHORT,SHORT,SHORT,True,64.31,74.64,True,64122.8,63959.8
32,SHORT,SHORT,SHORT,True,61.31,74.64,True,64170.0,63941.5
33,SHORT,SHORT,SHORT,True,58.94,74.64,True,64162.6,63936.3
34,SHORT,SHORT,SHORT,True,61.2,74.64,True,64075.4,64057.3
35,SHORT,SHORT,SHORT,True,60.89,74.64,True,64107.2,64101.6
36,SHORT,SHORT,LONG,False,60.37,74.64,True,63979.9,64162.4
37,SHORT,SHORT,LONG,False,58.56,74.64,True,63919.5,64088.2
38,SHORT,SHORT,LONG,False,61.55,74.64,True,63793.7,64188.0
39,SHORT,SHORT,LONG,False,57.68,74.64,True,63847.8,64191.0
40,SHORT,SHORT,LONG,False,54.39,73.45,True,63890.6,64245.9
41,SHORT,SHORT,LONG,False,53.37,73.45,True,63890.0,64250.0
42,SHORT,SHORT,LONG,False,48.93,73.45,True,63960.0,64274.0
43,SHORT,SHORT,LONG,False,44.91,71.07,True,63959.8,64228.8
44,SHORT,SHORT,LONG,False,45.89,71.07,True,63941.5,64271.7
45,SHORT,SHORT,LONG,False,46.17,71.07,True,63936.3,64275.0
46,SHORT,SHORT,LONG,False,37.45,71.07,True,64057.3,64220.2
47,SHORT,SHORT,LONG,False,52.19,71.07,True,64101.6,64210.3
48,LONG,LONG,LONG,True,39.85,71.07,True,64162.4,64168.6
49,LONG,LONG,SHORT,False,59.45,74.64,True,64088.2,63949.8
50,LONG,LONG,SHORT,False,39.01,71.07,True,64188.0,63895.9
51,LONG,LONG,SHORT,False,37.5,71.07,True,64191.0,64031.6
52,LONG,LONG,SHORT,False,38.16,71.07,True,64245.9,63988.0
53,LONG,LONG,SHORT,False,40.37,71.07,True,64250.0,64031.4
54,LONG,LONG,SHORT,False,41.43,71.07,True,64274.0,64006.0
55,LONG,LONG,SHORT,False,38.04,71.07,True,64228.8,64007.6
56,LONG,LONG,SHORT,False,37.63,71.07,True,64271.7,64077.6
57,LONG,LONG,SHORT,False,38.52,71.07,True,64275.0,64066.6
58,LONG,LONG,SHORT,False,34.73,71.07,True,64220.2,64137.8
59,SHORT,SHORT,SHORT,True,34.91,69.28,True,64210.3,64174.5
60,SHORT,SHORT,LONG,False,41.73,71.07,True,64168.6,64216.7
61,SHORT,SHORT,LONG,False,57.48,74.64,True,63949.8,64197.1
62,SHORT,SHORT,LONG,False,60.0,74.64,True,63895.9,64210.5
63,SHORT,SHORT,LONG,False,77.26,78.21,True,64031.6,64217.0
64,SHORT,SHORT,LONG,False,77.1,78.21,True,63988.0,64213.9
65,SHORT,SHORT,LONG,False,52.11,74.64,True,64031.4,64176.6
66,SHORT,SHORT,LONG,False,53.57,74.64,True,64006.0,64200.0
67,SHORT,SHORT,LONG,False,53.86,74.64,True,64007.6,64201.1
68,SHORT,SHORT,LONG,False,43.7,71.07,True,64077.6,64258.5
69,SHORT,SHORT,LONG,False,42.66,71.07,True,64066.6,64242.7
70,SHORT,SHORT,LONG,False,39.36,71.07,True,64137.8,64377.1
71,LONG,LONG,LONG,True,55.74,74.64,True,64174.5,64329.2
72,LONG,LONG,LONG,True,57.68,74.64,True,64216.7,64260.5
73,LONG,LONG,LONG,True,56.62,74.64,True,64197.1,64256.4
74,LONG,LONG,LONG,True,59.15,74.64,True,64210.5,64304.9
75,LONG,LONG,LONG,True,59.19,74.64,True,64217.0,64316.4
76,LONG,LONG,LONG,True,59.46,74.64,True,64213.9,64327.3
77,LONG,LONG,LONG,True,57.91,74.64,True,64176.6,64280.5
78,LONG,LONG,LONG,True,57.85,74.64,True,64200.0,64305.3
79,LONG,LONG,LONG,True,35.76,71.07,True,64201.1,64409.1
80,LONG,LONG,LONG,True,40.18,71.07,True,64258.5,64360.0
81,LONG,LONG,LONG,True,39.3,71.07,True,64242.7,64320.4
82,LONG,LONG,SHORT,False,56.55,73.53,True,64377.1,64294.8
83,LONG,LONG,SHORT,False,54.52,73.53,True,64329.2,64322.6
84,LONG,LONG,LONG,True,48.71,73.53,True,64260.5,64788.0
85,LONG,LONG,LONG,True,47.63,73.53,True,64256.4,64850.9
86,LONG,LONG,LONG,True,52.38,73.53,True,64304.9,64807.1
87,LONG,LONG,LONG,True,54.51,73.53,True,64316.4,64925.7
88,LONG,LONG,LONG,True,54.69,73.53,True,64327.3,64935.0
89,LONG,LONG,LONG,True,49.1,73.53,True,64280.5,64970.8
90,LONG,LONG,LONG,True,46.75,73.53,True,64305.3,64785.1
91,LONG,LONG,LONG,True,52.69,73.53,True,64409.1,64844.5
92,LONG,LONG,LONG,True,46.69,72.34,True,64360.0,64729.6
93,LONG,LONG,LONG,True,43.71,72.34,True,64320.4,64666.0
94,LONG,LONG,LONG,True,41.79,72.34,True,64294.8,64682.0
95,LONG,LONG,LONG,True,43.85,72.34,True,64322.6,64674.0
96,LONG,LONG,SHORT,False,53.81,72.34,True,64788.0,64686.4
97,LONG,LONG,SHORT,False,52.44,72.34,True,64850.9,64654.4
98,LONG,LONG,SHORT,False,53.76,73.53,True,64807.1,64576.4
99,LONG,LONG,SHORT,False,58.97,73.53,True,64925.7,64699.5
100,LONG,LONG,SHORT,False,59.31,73.53,True,64935.0,64634.5
101,LONG,LONG,SHORT,False,58.15,73.53,True,64970.8,64627.2
102,LONG,LONG,SHORT,False,52.95,73.53,True,64785.1,64613.1
103,LONG,LONG,SHORT,False,57.2,73.53,True,64844.5,64705.0
104,LONG,LONG,SHORT,False,56.45,74.64,True,64729.6,64662.2
105,LONG,LONG,LONG,True,51.37,74.64,True,64666.0,64683.2
106,LONG,LONG,SHORT,False,44.7,71.07,True,64682.0,64606.4
107,LONG,LONG,SHORT,False,43.35,71.07,True,64674.0,64528.1
108,LONG,LONG,SHORT,False,41.58,71.07,True,64686.4,64655.4
109,LONG,LONG,SHORT,False,40.47,71.07,True,64654.4,64641.6
110,SHORT,SHORT,LONG,False,35.16,71.07,True,64576.4,64626.1
111,LONG,LONG,LONG,True,40.31,71.07,True,64699.5,64699.6
112,LONG,LONG,SHORT,False,38.49,71.07,True,64634.5,64318.2
113,SHORT,SHORT,SHORT,True,54.66,74.64,True,64627.2,64315.0
114,LONG,LONG,SHORT,False,39.95,71.07,True,64613.1,64404.2
115,LONG,LONG,SHORT,False,65.67,74.64,True,64705.0,64440.8
116,LONG,LONG,SHORT,False,60.59,74.64,True,64662.2,64294.2
117,LONG,LONG,SHORT,False,61.84,74.64,True,64683.2,64223.7
118,LONG,LONG,SHORT,False,51.1,71.07,True,64606.4,64308.8
119,SHORT,SHORT,SHORT,True,38.71,71.07,True,64528.1,64441.2
120,LONG,LONG,SHORT,False,36.46,71.07,True,64655.4,64418.5
121,LONG,LONG,SHORT,False,36.71,69.28,True,64641.6,64385.6
122,LONG,LONG,SHORT,False,37.84,69.28,True,64626.1,64400.0
123,LONG,LONG,SHORT,False,69.72,74.64,True,64699.6,64315.4
124,SHORT,SHORT,SHORT,True,38.73,71.07,True,64318.2,64317.2
125,SHORT,SHORT,LONG,False,36.73,71.07,True,64315.0,64393.0
126,LONG,LONG,LONG,True,37.91,71.07,True,64404.2,64579.9
127,LONG,LONG,LONG,True,38.8,69.28,True,64440.8,64780.1
128,LONG,LONG,LONG,True,33.05,69.28,True,64294.2,64949.9
129,SHORT,SHORT,LONG,False,36.29,71.07,True,64223.7,64974.5
130,SHORT,SHORT,LONG,False,48.89,73.53,True,64308.8,64926.3
131,SHORT,SHORT,LONG,False,36.0,68.17,True,64441.2,64923.3
132,SHORT,SHORT,LONG,False,37.98,69.96,True,64418.5,64827.7
133,SHORT,SHORT,LONG,False,42.74,72.34,True,64385.6,64844.2
134,SHORT,SHORT,LONG,False,38.01,69.96,True,64400.0,65209.1
135,SHORT,SHORT,LONG,False,41.66,69.96,True,64315.4,65288.7
136,SHORT,SHORT,LONG,False,47.78,73.53,True,64317.2,65495.0
137,SHORT,SHORT,LONG,False,38.71,69.96,True,64393.0,65570.1
138,SHORT,SHORT,LONG,False,49.61,69.96,True,64579.9,65520.0
139,LONG,LONG,LONG,True,43.87,69.96,True,64780.1,65477.3
140,LONG,LONG,LONG,True,62.21,74.64,True,64949.9,65534.0
141,LONG,LONG,LONG,True,62.81,74.64,True,64974.5,65423.6
142,LONG,LONG,LONG,True,62.67,74.64,True,64926.3,65458.4
143,LONG,LONG,LONG,True,62.97,74.64,True,64923.3,65418.2
144,LONG,LONG,LONG,True,60.48,74.64,True,64827.7,65413.5
145,LONG,LONG,LONG,True,60.37,74.64,True,64844.2,65445.1
146,LONG,LONG,LONG,True,63.91,74.64,True,65209.1,65348.9
147,LONG,LONG,LONG,True,65.4,74.64,True,65288.7,65434.9
148,LONG,LONG,SHORT,False,66.24,74.64,True,65495.0,65388.0
149,LONG,LONG,SHORT,False,66.4,74.64,True,65570.1,65478.6
150,LONG,LONG,SHORT,False,63.07,74.64,True,65520.0,65418.5
151,LONG,LONG,LONG,True,59.0,73.45,True,65477.3,65502.9
152,LONG,LONG,SHORT,False,63.69,74.64,True,65534.0,65470.8
153,LONG,LONG,LONG,True,60.56,74.64,True,65423.6,65459.7
154,LONG,LONG,SHORT,False,61.77,74.64,True,65458.4,65444.1
155,LONG,LONG,LONG,True,58.46,73.45,True,65418.2,65476.4
156,LONG,LONG,SHORT,False,53.87,71.07,True,65413.5,65395.3
157,LONG,LONG,SHORT,False,51.79,71.07,True,65445.1,65375.8
158,LONG,LONG,SHORT,False,48.54,71.07,True,65348.9,65332.4
159,LONG,LONG,LONG,True,47.86,71.07,True,65434.9,65452.8
160,LONG,LONG,LONG,True,47.32,71.07,True,65388.0,65552.9
161,LONG,LONG,LONG,True,49.04,71.07,True,65478.6,65560.0
162,LONG,LONG,LONG,True,52.7,73.45,True,65418.5,65598.7
163,LONG,LONG,LONG,True,58.1,74.64,True,65502.9,65563.7
164,LONG,LONG,LONG,True,58.47,74.64,True,65470.8,65725.2
165,LONG,LONG,LONG,True,54.25,74.64,True,65459.7,65643.1
166,LONG,LONG,LONG,True,45.62,71.07,True,65444.1,65566.4
167,LONG,LONG,LONG,True,68.93,74.64,True,65476.4,65561.0
168,LONG,LONG,LONG,True,62.77,74.64,True,65395.3,65471.0
169,LONG,LONG,LONG,True,59.23,73.45,True,65375.8,65456.5
170,LONG,LONG,SHORT,False,52.86,71.07,True,65332.4,65325.4
171,LONG,LONG,SHORT,False,65.99,74.64,True,65452.8,65261.2
172,LONG,LONG,SHORT,False,51.19,73.45,True,65552.9,65195.4
173,LONG,LONG,SHORT,False,47.18,71.07,True,65560.0,65215.8
174,LONG,LONG,SHORT,False,55.04,74.64,True,65598.7,65160.3
175,LONG,LONG,SHORT,False,46.02,71.07,True,65563.7,65194.6
176,LONG,LONG,SHORT,False,50.72,71.07,True,65725.2,65076.6
177,LONG,LONG,SHORT,False,51.47,73.45,True,65643.1,65133.6
178,LONG,LONG,SHORT,False,47.21,73.45,True,65566.4,65109.9
179,LONG,LONG,SHORT,False,50.05,74.64,True,65561.0,65131.2
180,LONG,LONG,SHORT,False,57.65,71.07,True,65471.0,65051.6
181,LONG,LONG,SHORT,False,35.13,71.07,True,65456.5,65087.5
182,SHORT,SHORT,SHORT,True,41.58,71.07,True,65325.4,65086.5
183,SHORT,SHORT,SHORT,True,42.98,71.07,True,65261.2,65117.2
184,SHORT,SHORT,SHORT,True,44.66,71.07,True,65195.4,65157.1
185,SHORT,SHORT,SHORT,True,45.71,71.07,True,65215.8,65119.3
186,SHORT,SHORT,SHORT,True,44.73,71.07,True,65160.3,65048.5
187,SHORT,SHORT,SHORT,True,42.97,71.07,True,65194.6,65116.4
188,SHORT,SHORT,LONG,False,43.87,71.07,True,65076.6,65199.9
189,SHORT,SHORT,LONG,False,41.31,71.07,True,65133.6,65245.1
190,SHORT,SHORT,LONG,False,42.44,71.07,True,65109.9,65266.5
191,SHORT,SHORT,LONG,False,40.78,71.07,True,65131.2,65262.0
192,SHORT,SHORT,LONG,False,43.01,71.07,True,65051.6,65382.8
193,SHORT,SHORT,LONG,False,41.68,71.07,True,65087.5,65317.9
194,SHORT,SHORT,LONG,False,39.74,71.07,True,65086.5,65284.0
195,SHORT,SHORT,LONG,False,40.97,71.07,True,65117.2,65320.0
196,SHORT,SHORT,LONG,False,54.78,73.53,True,65157.1,65346.6
197,SHORT,SHORT,LONG,False,56.01,73.53,True,65119.3,65344.7
198,SHORT,SHORT,LONG,False,58.49,73.53,True,65048.5,65314.4
199,SHORT,SHORT,LONG,False,55.06,73.53,True,65116.4,65302.4
200,SHORT,SHORT,LONG,False,50.04,73.53,True,65199.9,65290.6
201,SHORT,SHORT,LONG,False,36.39,68.17,True,65245.1,65300.0
202,LONG,LONG,LONG,True,38.86,69.96,True,65266.5,65300.1
203,LONG,LONG,LONG,True,38.53,69.96,True,65262.0,65278.1
204,LONG,LONG,LONG,True,59.68,74.64,True,65382.8,65413.0
205,LONG,LONG,LONG,True,56.65,74.64,True,65317.9,65350.1
206,LONG,LONG,LONG,True,52.96,74.64,True,65284.0,65328.3
207,LONG,LONG,SHORT,False,57.96,74.64,True,65320.0,65288.9
208,LONG,LONG,SHORT,False,59.53,74.64,True,65346.6,65285.6
209,LONG,LONG,SHORT,False,59.58,74.64,True,65344.7,65258.5
210,LONG,LONG,SHORT,False,55.72,74.64,True,65314.4,65144.9
211,LONG,LONG,SHORT,False,53.42,74.64,True,65302.4,65190.1
212,LONG,LONG,SHORT,False,53.94,74.64,True,65290.6,65177.9
213,LONG,LONG,SHORT,False,50.29,73.45,True,65300.0,65177.8
214,LONG,LONG,SHORT,False,52.62,74.64,True,65300.1,65199.9
215,LONG,LONG,SHORT,False,51.2,74.64,True,65278.1,65187.9
216,LONG,LONG,SHORT,False,58.7,74.64,True,65413.0,65083.2
217,LONG,LONG,SHORT,False,55.73,74.64,True,65350.1,65108.0
218,LONG,LONG,SHORT,False,47.49,71.07,True,65328.3,65109.0
219,LONG,LONG,SHORT,False,43.53,71.07,True,65288.9,65120.0
220,LONG,LONG,SHORT,False,41.0,71.07,True,65285.6,65101.4
221,SHORT,SHORT,SHORT,True,36.32,71.07,True,65258.5,65118.7
222,SHORT,SHORT,SHORT,True,39.75,71.07,True,65144.9,65137.9
223,SHORT,SHORT,SHORT,True,37.9,71.07,True,65190.1,65182.0
224,SHORT,SHORT,SHORT,True,35.91,71.07,True,65177.9,65129.0
225,SHORT,SHORT,LONG,False,37.87,71.07,True,65177.8,65221.5
226,SHORT,SHORT,SHORT,True,36.55,71.07,True,65199.9,65193.0
227,SHORT,SHORT,LONG,False,51.75,73.53,True,65187.9,65213.8
228,SHORT,SHORT,LONG,False,57.15,73.53,True,65083.2,65208.8
229,SHORT,SHORT,LONG,False,54.44,73.53,True,65108.0,65181.0
230,SHORT,SHORT,LONG,False,54.28,73.53,True,65109.0,65194.0
231,SHORT,SHORT,LONG,False,51.39,73.53,True,65120.0,65199.6
232,SHORT,SHORT,LONG,False,50.06,72.34,True,65101.4,65165.1
233,SHORT,SHORT,LONG,False,52.38,73.53,True,65118.7,65224.8
234,SHORT,SHORT,LONG,False,47.72,72.34,True,65137.9,65206.1
235,SHORT,SHORT,SHORT,True,45.85,72.34,True,65182.0,65178.8
236,SHORT,SHORT,LONG,False,52.06,73.53,True,65129.0,65152.4
237,SHORT,SHORT,LONG,False,36.46,68.17,True,65221.5,65315.6
238,LONG,LONG,LONG,True,48.73,69.96,True,65193.0,65390.9
239,LONG,LONG,LONG,True,57.97,73.53,True,65213.8,65321.9
240,LONG,LONG,LONG,True,58.67,73.53,True,65208.8,65388.8
241,SHORT,SHORT,LONG,False,34.83,69.96,True,65181.0,65421.9
242,LONG,LONG,LONG,True,36.07,69.96,True,65194.0,65461.4
243,LONG,LONG,LONG,True,36.79,69.96,True,65199.6,65503.9
244,SHORT,SHORT,LONG,False,38.26,69.96,True,65165.1,65522.6
245,LONG,LONG,LONG,True,38.89,69.96,True,65224.8,65538.9
246,SHORT,SHORT,LONG,False,34.18,69.96,True,65206.1,65514.6
247,SHORT,SHORT,LONG,False,36.6,69.96,True,65178.8,65609.9
248,SHORT,SHORT,LONG,False,45.03,73.53,True,65152.4,65513.3
249,LONG,LONG,LONG,True,36.79,69.96,True,65315.6,65445.3
250,LONG,LONG,LONG,True,52.83,71.07,True,65390.9,65426.7
251,LONG,LONG,LONG,True,54.46,74.64,True,65321.9,65414.7
252,LONG,LONG,LONG,True,55.02,73.45,True,65388.8,65433.5
253,LONG,LONG,SHORT,False,59.52,74.64,True,65421.9,65368.8
254,LONG,LONG,SHORT,False,56.89,74.64,True,65461.4,65310.1
255,LONG,LONG,SHORT,False,60.85,74.64,True,65503.9,65259.5
256,LONG,LONG,SHORT,False,61.71,74.64,True,65522.6,65257.5
257,LONG,LONG,SHORT,False,63.42,74.64,True,65538.9,65205.1
258,LONG,LONG,SHORT,False,61.56,74.64,True,65514.6,65303.9
259,LONG,LONG,SHORT,False,64.17,74.64,True,65609.9,65269.3
260,LONG,LONG,SHORT,False,59.24,74.64,True,65513.3,65261.3
261,LONG,LONG,SHORT,False,55.52,74.64,True,65445.3,65146.5
262,LONG,LONG,SHORT,False,52.94,74.64,True,65426.7,65286.5
263,LONG,LONG,SHORT,False,51.59,74.64,True,65414.7,65239.2
264,LONG,LONG,SHORT,False,49.23,73.45,True,65433.5,65318.1
265,LONG,LONG,SHORT,False,41.54,69.28,True,65368.8,65306.0
266,SHORT,SHORT,LONG,False,54.2,74.64,True,65310.1,65326.6
267,SHORT,SHORT,LONG,False,56.24,74.64,True,65259.5,65305.7
268,SHORT,SHORT,LONG,False,36.02,71.07,True,65257.5,65367.9
269,SHORT,SHORT,LONG,False,44.39,71.07,True,65205.1,65386.4
270,SHORT,SHORT,LONG,False,37.0,71.07,True,65303.9,65408.8
271,SHORT,SHORT,LONG,False,36.99,71.07,True,65269.3,65422.6
272,SHORT,SHORT,LONG,False,38.24,71.07,True,65261.3,65467.0
273,SHORT,SHORT,LONG,False,41.84,71.07,True,65146.5,65425.9
274,SHORT,SHORT,LONG,False,35.7,71.07,True,65286.5,65448.9
275,SHORT,SHORT,LONG,False,36.03,71.07,True,65239.2,65464.3
276,LONG,LONG,LONG,True,36.64,69.28,True,65318.1,65460.4
277,LONG,LONG,LONG,True,40.32,71.07,True,65306.0,65500.0
278,LONG,LONG,LONG,True,40.69,71.07,True,65326.6,65502.4
279,LONG,LONG,LONG,True,64.5,74.64,True,65305.7,65445.1
280,LONG,LONG,LONG,True,74.72,78.21,True,65367.9,65511.9
281,LONG,LONG,LONG,True,79.84,78.21,True,65386.4,65539.5
282,LONG,LONG,LONG,True,83.43,78.21,True,65408.8,65665.6
283,LONG,LONG,LONG,True,82.65,78.21,True,65422.6,65628.1
284,LONG,LONG,LONG,True,61.46,74.64,True,65467.0,65574.3
285,LONG,LONG,LONG,True,59.41,74.64,True,65425.9,65591.2
286,LONG,LONG,LONG,True,57.82,74.64,True,65448.9,65538.8
287,LONG,LONG,LONG,True,61.32,74.64,True,65464.3,65488.9
288,LONG,LONG,LONG,True,59.74,74.64,True,65460.4,65509.9
289,LONG,LONG,LONG,True,61.46,74.64,True,65500.0,65512.3
290,LONG,LONG,LONG,True,61.59,74.64,True,65502.4,65516.4
291,LONG,LONG,LONG,True,56.59,74.64,True,65445.1,65475.9
292,LONG,LONG,SHORT,False,59.28,74.64,True,65511.9,65478.8
293,LONG,LONG,SHORT,False,58.89,74.64,True,65539.5,65494.2
294,LONG,LONG,SHORT,False,61.37,74.64,True,65665.6,65523.1
295,LONG,LONG,SHORT,False,58.85,74.64,True,65628.1,65520.2
296,LONG,LONG,SHORT,False,54.84,74.64,True,65574.3,65510.7
297,LONG,LONG,SHORT,False,54.83,74.64,True,65591.2,65470.2
298,LONG,LONG,LONG,True,52.17,74.64,True,65538.8,65579.5
299,LONG,LONG,LONG,True,40.33,69.28,True,65488.9,65575.0
300,LONG,LONG,LONG,True,39.58,69.28,True,65509.9,65565.9
301,LONG,LONG,LONG,True,42.41,71.07,True,65512.3,65542.7
302,LONG,LONG,LONG,True,39.65,71.07,True,65516.4,65623.8
303,LONG,LONG,LONG,True,35.35,71.07,True,65475.9,65789.1
304,SHORT,SHORT,LONG,False,59.72,74.64,True,65478.8,65727.8
305,SHORT,SHORT,LONG,False,57.22,74.64,True,65494.2,65724.9
306,SHORT,SHORT,LONG,False,53.94,74.64,True,65523.1,65742.9
307,LONG,LONG,LONG,True,38.09,71.07,True,65520.2,65666.6
308,LONG,LONG,LONG,True,37.95,71.07,True,65510.7,65706.0
309,LONG,LONG,LONG,True,54.5,71.07,True,65470.2,65668.1
310,LONG,LONG,LONG,True,43.12,71.07,True,65579.5,65780.0
311,LONG,LONG,LONG,True,48.85,74.64,True,65575.0,65798.6
312,LONG,LONG,LONG,True,39.34,69.28,True,65565.9,65901.9
313,LONG,LONG,LONG,True,61.21,73.45,True,65542.7,65925.4
314,LONG,LONG,LONG,True,74.54,78.21,True,65623.8,65933.1
315,LONG,LONG,LONG,True,53.6,74.64,True,65789.1,65887.2
316,LONG,LONG,LONG,True,50.94,74.64,True,65727.8,65887.9
317,LONG,LONG,LONG,True,51.11,74.64,True,65724.9,65892.4
318,LONG,LONG,LONG,True,55.03,74.64,True,65742.9,65897.1
319,LONG,LONG,LONG,True,44.26,71.07,True,65666.6,65849.7
320,LONG,LONG,LONG,True,43.32,71.07,True,65706.0,65896.4
321,LONG,LONG,LONG,True,40.77,69.28,True,65668.1,65959.7
322,LONG,LONG,LONG,True,54.07,74.64,True,65780.0,65874.9
323,LONG,LONG,LONG,True,54.92,74.64,True,65798.6,65932.8
324,LONG,LONG,LONG,True,59.67,74.64,True,65901.9,65985.0
325,LONG,LONG,LONG,True,60.04,74.64,True,65925.4,66026.0
326,LONG,LONG,LONG,True,59.05,74.64,True,65933.1,66015.4
327,LONG,LONG,LONG,True,54.57,73.45,True,65887.2,66170.2
328,LONG,LONG,LONG,True,57.35,74.64,True,65887.9,66189.1
329,LONG,LONG,LONG,True,59.01,74.64,True,65892.4,66166.9
330,LONG,LONG,LONG,True,59.48,74.64,True,65897.1,66228.6
331,LONG,LONG,LONG,True,56.5,74.64,True,65849.7,66159.0
332,LONG,LONG,LONG,True,58.18,74.64,True,65896.4,66263.3
333,LONG,LONG,LONG,True,60.88,74.64,True,65959.7,66262.9
334,LONG,LONG,LONG,True,53.06,74.64,True,65874.9,66274.7
335,LONG,LONG,LONG,True,56.43,74.64,True,65932.8,66194.5
336,LONG,LONG,LONG,True,58.07,74.64,True,65985.0,66197.1
337,LONG,LONG,LONG,True,59.99,74.64,True,66026.0,66330.0
338,LONG,LONG,LONG,True,57.33,74.64,True,66015.4,66279.8
339,LONG,LONG,LONG,True,60.6,74.64,True,66170.2,66242.8
340,LONG,LONG,LONG,True,63.25,74.64,True,66189.1,66209.9
341,LONG,LONG,LONG,True,61.74,74.64,True,66166.9,66200.0
342,LONG,LONG,SHORT,False,62.27,74.64,True,66228.6,66164.0
343,LONG,LONG,LONG,True,59.2,74.64,True,66159.0,66183.9
344,LONG,LONG,SHORT,False,63.5,74.64,True,66263.3,66187.7
345,LONG,LONG,SHORT,False,63.41,74.64,True,66262.9,66194.3
346,LONG,LONG,SHORT,False,62.37,74.64,True,66274.7,66210.0
347,LONG,LONG,LONG,True,56.65,74.64,True,66194.5,66211.3
348,LONG,LONG,LONG,True,54.58,74.64,True,66197.1,66254.5
349,LONG,LONG,SHORT,False,60.27,74.64,True,66330.0,66291.5
350,LONG,LONG,SHORT,False,58.34,74.64,True,66279.8,66272.3
351,LONG,LONG,LONG,True,56.71,74.64,True,66242.8,66286.8
352,LONG,LONG,LONG,True,51.75,73.45,True,66209.9,66315.1
353,LONG,LONG,LONG,True,47.54,71.07,True,66200.0,66261.2
354,LONG,LONG,LONG,True,42.74,71.07,True,66164.0,66267.7
355,LONG,LONG,LONG,True,40.26,71.07,True,66183.9,66270.1
356,LONG,LONG,LONG,True,39.08,71.07,True,66187.7,66331.3
357,LONG,LONG,LONG,True,42.37,71.07,True,66194.3,66339.8
358,LONG,LONG,LONG,True,38.99,71.07,True,66210.0,66343.3
359,LONG,LONG,LONG,True,38.13,71.07,True,66211.3,66370.0
360,LONG,LONG,LONG,True,43.02,71.07,True,66254.5,66368.0
361,LONG,LONG,LONG,True,48.1,71.07,True,66291.5,66334.2
362,LONG,LONG,LONG,True,50.74,73.45,True,66272.3,66317.6
363,LONG,LONG,SHORT,False,54.23,74.64,True,66286.8,66276.2
364,LONG,LONG,SHORT,False,56.38,74.64,True,66315.1,66161.4
365,LONG,LONG,SHORT,False,75.97,78.21,True,66261.2,66161.1
366,LONG,LONG,SHORT,False,52.47,74.64,True,66267.7,66147.1
367,LONG,LONG,SHORT,False,53.53,74.64,True,66270.1,66129.2
368,LONG,LONG,SHORT,False,55.86,74.64,True,66331.3,66204.7
369,LONG,LONG,SHORT,False,57.51,74.64,True,66339.8,66191.3
370,LONG,LONG,SHORT,False,55.84,74.64,True,66343.3,66178.6
371,LONG,LONG,SHORT,False,58.96,74.64,True,66370.0,66207.0
372,LONG,LONG,SHORT,False,59.57,74.64,True,66368.0,66229.1
373,LONG,LONG,SHORT,False,56.71,74.64,True,66334.2,66259.5
374,LONG,LONG,SHORT,False,54.64,74.64,True,66317.6,66309.9
375,LONG,LONG,LONG,True,50.44,74.64,True,66276.2,66323.5
376,SHORT,SHORT,LONG,False,33.37,69.28,True,66161.4,66303.6
377,SHORT,SHORT,LONG,False,37.13,71.07,True,66161.1,66317.9
378,SHORT,SHORT,LONG,False,39.84,71.07,True,66147.1,66250.2
379,SHORT,SHORT,LONG,False,40.52,71.07,True,66129.2,66344.3
380,SHORT,SHORT,LONG,False,34.83,71.07,True,66204.7,66378.1
381,SHORT,SHORT,LONG,False,35.75,71.07,True,66191.3,66425.2
382,SHORT,SHORT,LONG,False,38.22,71.07,True,66178.6,66425.0
383,LONG,LONG,LONG,True,35.11,71.07,True,66207.0,66430.8
384,LONG,LONG,LONG,True,39.07,71.07,True,66229.1,66461.7
385,LONG,LONG,LONG,True,46.17,73.45,True,66259.5,66600.1
386,LONG,LONG,LONG,True,53.41,74.64,True,66309.9,66491.8
387,LONG,LONG,LONG,True,79.74,78.21,True,66323.5,66515.6
388,LONG,LONG,LONG,True,78.69,78.21,True,66303.6,66482.7
389,LONG,LONG,LONG,True,79.24,78.21,True,66317.9,66527.7
390,LONG,LONG,LONG,True,68.35,74.64,True,66250.2,66507.0
391,LONG,LONG,LONG,True,80.48,78.21,True,66344.3,66555.4
392,LONG,LONG,LONG,True,57.31,74.64,True,66378.1,66592.9
393,LONG,LONG,LONG,True,59.27,74.64,True,66425.2,66529.9
394,LONG,LONG,LONG,True,56.96,74.64,True,66425.0,66445.0
395,LONG,LONG,SHORT,False,57.36,74.64,True,66430.8,66410.1
396,LONG,LONG,LONG,True,56.99,74.64,True,66461.7,66497.2
397,LONG,LONG,SHORT,False,61.55,74.64,True,66600.1,66381.3
398,LONG,LONG,SHORT,False,58.05,74.64,True,66491.8,66335.8
399,LONG,LONG,LONG,True,58.02,74.64,True,66515.6,66626.8
400,LONG,LONG,LONG,True,57.82,74.64,True,66482.7,66707.0
401,LONG,LONG,LONG,True,58.43,74.64,True,66527.7,66748.8
402,LONG,LONG,LONG,True,58.13,74.64,True,66507.0,66819.5
403,LONG,LONG,LONG,True,60.07,74.64,True,66555.4,66788.2
404,LONG,LONG,LONG,True,62.49,74.64,True,66592.9,66912.0
405,LONG,LONG,LONG,True,57.89,74.64,True,66529.9,66823.0
406,LONG,LONG,LONG,True,50.77,74.64,True,66445.0,66636.5
407,LONG,LONG,LONG,True,43.36,71.07,True,66410.1,66700.0
408,LONG,LONG,LONG,True,53.16,74.64,True,66497.2,66805.5
409,SHORT,SHORT,LONG,False,45.81,71.07,True,66381.3,66750.0
410,LONG,LONG,LONG,True,39.09,71.07,True,66335.8,66815.1
411,LONG,LONG,LONG,True,59.76,74.64,True,66626.8,66800.1
412,LONG,LONG,LONG,True,59.51,74.64,True,66707.0,66807.6
413,LONG,LONG,LONG,True,59.64,74.64,True,66748.8,66804.3
414,LONG,LONG,SHORT,False,60.0,74.64,True,66819.5,66629.9
415,LONG,LONG,SHORT,False,57.32,74.64,True,66788.2,66756.9
416,LONG,LONG,SHORT,False,62.26,74.64,True,66912.0,66650.9
417,LONG,LONG,SHORT,False,59.01,74.64,True,66823.0,66699.9
418,LONG,LONG,LONG,True,49.91,74.64,True,66636.5,66658.5
419,LONG,LONG,SHORT,False,52.42,74.64,True,66700.0,66581.4
420,LONG,LONG,SHORT,False,56.0,74.64,True,66805.5,66537.1
421,LONG,LONG,SHORT,False,51.59,73.45,True,66750.0,66660.1
422,LONG,LONG,SHORT,False,48.39,71.07,True,66815.1,66583.7
423,LONG,LONG,SHORT,False,48.67,71.07,True,66800.1,66641.0
424,LONG,LONG,SHORT,False,46.54,71.07,True,66807.6,66650.5
425,LONG,LONG,SHORT,False,48.65,71.07,True,66804.3,66648.5
426,LONG,LONG,LONG,True,42.49,71.07,True,66629.9,66724.9
427,LONG,LONG,SHORT,False,47.65,71.07,True,66756.9,66573.9
428,LONG,LONG,SHORT,False,51.52,74.64,True,66650.9,66580.7
429,SHORT,SHORT,SHORT,True,42.26,71.07,True,66699.9,66536.3
430,SHORT,SHORT,SHORT,True,45.45,71.07,True,66658.5,66534.3
431,SHORT,SHORT,SHORT,True,36.83,71.07,True,66581.4,66499.1
432,SHORT,SHORT,LONG,False,39.23,71.07,True,66537.1,66542.6
433,LONG,LONG,SHORT,False,38.03,71.07,True,66660.1,66594.7
434,SHORT,SHORT,SHORT,True,36.3,71.07,True,66583.7,66528.0
435,LONG,LONG,SHORT,False,35.42,71.07,True,66641.0,66501.1
436,LONG,LONG,SHORT,False,37.73,71.07,True,66650.5,66523.0
437,SHORT,SHORT,SHORT,True,53.97,74.64,True,66648.5,66507.1
438,LONG,LONG,SHORT,False,43.93,71.07,True,66724.9,66485.9
439,SHORT,SHORT,SHORT,True,35.28,71.07,True,66573.9,66469.8
440,LONG,LONG,SHORT,False,34.78,71.07,True,66580.7,66435.6
441,SHORT,SHORT,SHORT,True,37.37,71.07,True,66536.3,66422.0
442,SHORT,SHORT,SHORT,True,38.68,71.07,True,66534.3,66450.0
443,SHORT,SHORT,SHORT,True,40.01,71.07,True,66499.1,66416.7
444,SHORT,SHORT,SHORT,True,36.55,71.07,True,66542.6,66405.2
445,LONG,LONG,SHORT,False,37.83,71.07,True,66594.7,66435.9
446,SHORT,SHORT,SHORT,True,37.78,71.07,True,66528.0,66477.2
447,SHORT,SHORT,SHORT,True,38.67,71.07,True,66501.1,66263.0
448,SHORT,SHORT,SHORT,True,36.61,71.07,True,66523.0,66180.3
449,SHORT,SHORT,SHORT,True,35.31,71.07,True,66507.1,66181.1
450,SHORT,SHORT,SHORT,True,36.32,71.07,True,66485.9,66186.1
451,SHORT,SHORT,SHORT,True,53.53,73.53,True,66469.8,66292.2
452,SHORT,SHORT,SHORT,True,57.12,73.53,True,66435.6,66256.2
453,SHORT,SHORT,SHORT,True,55.39,73.53,True,66422.0,66223.9
454,SHORT,SHORT,SHORT,True,56.17,73.53,True,66450.0,66213.3
455,SHORT,SHORT,SHORT,True,55.39,73.53,True,66416.7,66206.7
456,SHORT,SHORT,SHORT,True,56.05,73.53,True,66405.2,66184.8
457,SHORT,SHORT,SHORT,True,53.64,73.53,True,66435.9,66240.1
458,SHORT,SHORT,SHORT,True,50.18,73.53,True,66477.2,66248.6
459,SHORT,SHORT,LONG,False,48.57,73.53,True,66263.0,66302.4
460,SHORT,SHORT,LONG,False,50.13,73.53,True,66180.3,66268.2
461,SHORT,SHORT,LONG,False,50.09,73.53,True,66181.1,66287.5
462,SHORT,SHORT,LONG,False,48.37,73.53,True,66186.1,66333.9
463,SHORT,SHORT,LONG,False,37.47,68.17,True,66292.2,66340.2
464,SHORT,SHORT,LONG,False,46.51,73.53,True,66256.2,66266.7
465,SHORT,SHORT,LONG,False,47.1,73.53,True,66223.9,66331.8
466,SHORT,SHORT,LONG,False,46.96,73.53,True,66213.3,66338.7
467,SHORT,SHORT,LONG,False,49.48,73.53,True,66206.7,66365.9
468,SHORT,SHORT,LONG,False,48.88,73.53,True,66184.8,66380.7
469,SHORT,SHORT,LONG,False,40.76,69.96,True,66240.1,66441.8
470,SHORT,SHORT,LONG,False,38.28,69.96,True,66248.6,66425.1
471,LONG,LONG,LONG,True,34.23,69.96,True,66302.4,66450.4
472,SHORT,SHORT,LONG,False,36.26,69.96,True,66268.2,66416.3
473,SHORT,SHORT,LONG,False,34.56,68.17,True,66287.5,66409.5
474,LONG,LONG,LONG,True,35.65,69.96,True,66333.9,66395.7
475,LONG,LONG,LONG,True,60.98,73.53,True,66340.2,66398.4
476,LONG,LONG,LONG,True,57.74,73.53,True,66266.7,66388.8
477,LONG,LONG,LONG,True,61.13,73.53,True,66331.8,66360.0
478,LONG,LONG,LONG,True,39.01,69.96,True,66338.7,66340.9
479,LONG,LONG,SHORT,False,43.49,69.96,True,66365.9,66359.6
480,LONG,LONG,LONG,True,43.16,69.96,True,66380.7,66410.0
481,LONG,LONG,SHORT,False,45.05,69.96,True,66441.8,66417.6
482,LONG,LONG,LONG,True,45.54,69.96,True,66425.1,66427.3
483,LONG,LONG,SHORT,False,46.86,69.96,True,66450.4,66400.0
484,LONG,LONG,SHORT,False,45.0,69.96,True,66416.3,66390.0
485,LONG,LONG,SHORT,False,44.69,69.96,True,66409.5,66373.8
486,LONG,LONG,SHORT,False,42.42,69.96,True,66395.7,66306.5
487,LONG,LONG,SHORT,False,42.16,69.96,True,66398.4,66334.9
488,LONG,LONG,SHORT,False,39.27,69.96,True,66388.8,66368.7
489,SHORT,SHORT,SHORT,True,34.85,69.96,True,66360.0,66310.4
490,SHORT,SHORT,SHORT,True,44.6,73.53,True,66340.9,66327.9
491,SHORT,SHORT,SHORT,True,59.36,72.34,True,66359.6,66292.4
492,SHORT,SHORT,SHORT,True,55.06,72.34,True,66410.0,66280.5
493,LONG,LONG,SHORT,False,33.76,68.17,True,66417.6,66303.6
494,LONG,LONG,SHORT,False,38.1,69.96,True,66427.3,66313.1
495,LONG,LONG,SHORT,False,32.61,68.17,True,66400.0,66324.8
496,SHORT,SHORT,SHORT,True,36.79,69.96,True,66390.0,66349.6
497,SHORT,SHORT,SHORT,True,44.59,73.53,True,66373.8,66352.4
498,SHORT,SHORT,LONG,False,50.47,73.53,True,66306.5,66326.5
499,SHORT,SHORT,SHORT,True,45.07,72.34,True,66334.9,66314.5
500,SHORT,SHORT,SHORT,True,41.88,72.34,True,66368.7,66283.5
501,SHORT,SHORT,SHORT,True,51.76,73.53,True,66310.4,66207.9
502,SHORT,SHORT,SHORT,True,52.5,73.53,True,66327.9,66196.6
503,SHORT,SHORT,SHORT,True,56.56,73.53,True,66292.4,66251.6
504,SHORT,SHORT,LONG,False,56.86,73.53,True,66280.5,66302.6
505,SHORT,SHORT,SHORT,True,52.29,73.53,True,66303.6,66287.1
506,SHORT,SHORT,SHORT,True,50.54,73.53,True,66313.1,66279.7
507,SHORT,SHORT,SHORT,True,45.44,72.34,True,66324.8,66230.7
508,SHORT,SHORT,SHORT,True,38.83,69.96,True,66349.6,66263.2
509,SHORT,SHORT,SHORT,True,68.58,77.1,True,66352.4,66271.2
510,SHORT,SHORT,SHORT,True,45.1,72.34,True,66326.5,66234.6
511,SHORT,SHORT,SHORT,True,46.61,72.34,True,66314.5,66240.6
512,SHORT,SHORT,SHORT,True,49.79,72.34,True,66283.5,66247.1
513,SHORT,SHORT,LONG,False,50.74,72.34,True,66207.9,66311.8
514,SHORT,SHORT,LONG,False,53.84,73.53,True,66196.6,66292.5
515,SHORT,SHORT,LONG,False,48.54,73.53,True,66251.6,66369.0
516,SHORT,SHORT,LONG,False,39.55,69.96,True,66302.6,66389.0
517,SHORT,SHORT,LONG,False,39.57,69.96,True,66287.1,66416.0
518,SHORT,SHORT,LONG,False,40.47,69.96,True,66279.7,66394.0
519,SHORT,SHORT,LONG,False,51.09,73.53,True,66230.7,66431.3
520,SHORT,SHORT,LONG,False,46.22,73.53,True,66263.2,66523.7
521,SHORT,SHORT,LONG,False,36.63,68.17,True,66271.2,66522.4
522,SHORT,SHORT,LONG,False,45.25,72.34,True,66234.6,66588.0
523,SHORT,SHORT,LONG,False,40.31,69.96,True,66240.6,66594.5
524,SHORT,SHORT,LONG,False,39.76,69.96,True,66247.1,66651.4
525,LONG,LONG,LONG,True,35.22,69.96,True,66311.8,66591.9
526,SHORT,SHORT,LONG,False,34.39,68.17,True,66292.5,66615.4
527,LONG,LONG,LONG,True,41.77,69.96,True,66369.0,66629.9
528,LONG,LONG,LONG,True,44.0,69.96,True,66389.0,66691.8
529,LONG,LONG,LONG,True,46.27,69.96,True,66416.0,66675.6
530,LONG,LONG,LONG,True,41.75,69.96,True,66394.0,66681.0
531,LONG,LONG,LONG,True,46.11,69.96,True,66431.3,66673.9
532,LONG,LONG,LONG,True,65.6,74.64,True,66523.7,66619.3
533,LONG,LONG,LONG,True,64.96,74.64,True,66522.4,66591.7
534,LONG,LONG,LONG,True,66.19,74.64,True,66588.0,66607.0
535,LONG,LONG,SHORT,False,64.59,74.64,True,66594.5,66557.4
536,LONG,LONG,SHORT,False,66.29,74.64,True,66651.4,66464.3
537,LONG,LONG,SHORT,False,63.2,74.64,True,66591.9,66402.1
538,LONG,LONG,SHORT,False,63.46,74.64,True,66615.4,66330.0
539,LONG,LONG,SHORT,False,63.92,74.64,True,66629.9,66327.1
540,LONG,LONG,SHORT,False,66.67,74.64,True,66691.8,66366.1
541,LONG,LONG,SHORT,False,65.81,74.64,True,66675.6,66369.2
542,LONG,LONG,SHORT,False,65.31,74.64,True,66681.0,66335.9
543,LONG,LONG,SHORT,False,62.16,74.64,True,66673.9,66445.6
544,LONG,LONG,SHORT,False,58.13,74.64,True,66619.3,66380.0
545,LONG,LONG,SHORT,False,51.82,73.45,True,66591.7,66399.9
546,LONG,LONG,SHORT,False,47.83,71.07,True,66607.0,66396.8
547,LONG,LONG,SHORT,False,42.15,71.07,True,66557.4,66380.9
548,SHORT,SHORT,SHORT,True,57.62,74.64,True,66464.3,66432.9
549,SHORT,SHORT,LONG,False,64.68,74.64,True,66402.1,66440.3
550,SHORT,SHORT,LONG,False,42.0,71.07,True,66330.0,66422.2
551,SHORT,SHORT,LONG,False,45.47,71.07,True,66327.1,66375.2
552,SHORT,SHORT,SHORT,True,43.42,71.07,True,66366.1,66334.2
553,SHORT,SHORT,SHORT,True,43.64,71.07,True,66369.2,66296.7
554,SHORT,SHORT,LONG,False,43.84,71.07,True,66335.9,66339.1
555,SHORT,SHORT,SHORT,True,35.65,71.07,True,66445.6,66352.7
556,SHORT,SHORT,SHORT,True,38.46,71.07,True,66380.0,66317.3
557,SHORT,SHORT,SHORT,True,37.64,71.07,True,66399.9,66283.2
558,SHORT,SHORT,SHORT,True,37.87,71.07,True,66396.8,66281.6
559,SHORT,SHORT,SHORT,True,35.76,71.07,True,66380.9,66241.6
560,LONG,LONG,SHORT,False,36.2,71.07,True,66432.9,66154.0
561,LONG,LONG,SHORT,False,37.63,69.28,True,66440.3,66229.0
562,LONG,LONG,SHORT,False,37.62,71.07,True,66422.2,66253.8
563,SHORT,SHORT,SHORT,True,49.68,73.53,True,66375.2,66252.2
564,SHORT,SHORT,SHORT,True,54.2,73.53,True,66334.2,66225.2
565,SHORT,SHORT,SHORT,True,56.92,73.53,True,66296.7,66228.5
566,SHORT,SHORT,SHORT,True,51.49,73.53,True,66339.1,66247.3
567,SHORT,SHORT,SHORT,True,48.19,73.53,True,66352.7,66313.4
568,SHORT,SHORT,SHORT,True,52.38,73.53,True,66317.3,66250.0
569,SHORT,SHORT,SHORT,True,55.39,73.53,True,66283.2,66176.7
570,SHORT,SHORT,LONG,False,55.31,73.53,True,66281.6,66290.9
571,SHORT,SHORT,LONG,False,58.28,73.53,True,66241.6,66301.9
572,SHORT,SHORT,LONG,False,58.52,73.53,True,66154.0,66307.7
573,SHORT,SHORT,LONG,False,53.43,73.53,True,66229.0,66300.1
574,SHORT,SHORT,LONG,False,50.2,73.53,True,66253.8,66351.6
575,SHORT,SHORT,LONG,False,49.91,73.53,True,66252.2,66332.9
576,SHORT,SHORT,LONG,False,51.11,73.53,True,66225.2,66338.9
577,SHORT,SHORT,LONG,False,50.9,73.53,True,66228.5,66356.2
578,SHORT,SHORT,LONG,False,46.35,72.34,True,66247.3,66387.6
579,SHORT,SHORT,LONG,False,38.88,69.96,True,66313.4,66322.3
580,SHORT,SHORT,LONG,False,41.25,69.96,True,66250.0,66327.7
581,SHORT,SHORT,LONG,False,50.4,71.07,True,66176.7,66349.3
582,SHORT,SHORT,SHORT,True,40.54,71.07,True,66290.9,66266.3
583,SHORT,SHORT,SHORT,True,37.25,71.07,True,66301.9,66247.6
584,SHORT,SHORT,SHORT,True,57.62,71.07,True,66307.7,66245.7
585,LONG,LONG,SHORT,False,55.27,74.64,True,66300.1,66146.7
586,LONG,LONG,SHORT,False,60.56,74.64,True,66351.6,66052.4
587,SHORT,SHORT,SHORT,True,34.82,71.07,True,66332.9,66044.4
588,SHORT,SHORT,SHORT,True,34.36,69.28,True,66338.9,66094.9
589,SHORT,SHORT,SHORT,True,35.07,71.07,True,66356.2,65987.9
590,LONG,LONG,SHORT,False,38.4,71.07,True,66387.6,65960.0
591,SHORT,SHORT,SHORT,True,37.92,71.07,True,66322.3,65962.3
592,SHORT,SHORT,SHORT,True,40.18,71.07,True,66327.7,65941.0
593,SHORT,SHORT,SHORT,True,35.32,69.28,True,66349.3,65954.5
594,SHORT,SHORT,SHORT,True,51.16,74.64,True,66266.3,65959.5
595,SHORT,SHORT,SHORT,True,77.86,78.21,True,66247.6,65890.1
596,SHORT,SHORT,SHORT,True,78.73,78.21,True,66245.7,65959.7
597,SHORT,SHORT,SHORT,True,60.5,74.64,True,66146.7,65898.9
598,SHORT,SHORT,SHORT,True,64.62,74.64,True,66052.4,65851.8
599,SHORT,SHORT,SHORT,True,67.12,74.64,True,66044.4,65833.9
600,SHORT,SHORT,SHORT,True,63.87,74.64,True,66094.9,65910.1
601,SHORT,SHORT,SHORT,True,68.89,74.64,True,65987.9,65936.1
602,SHORT,SHORT,SHORT,True,69.22,74.64,True,65960.0,65927.1
603,SHORT,SHORT,SHORT,True,65.1,74.64,True,65962.3,65899.4
604,SHORT,SHORT,SHORT,True,63.6,74.64,True,65941.0,65904.4
605,SHORT,SHORT,SHORT,True,63.28,74.64,True,65954.5,65906.8
606,SHORT,SHORT,SHORT,True,61.33,74.64,True,65959.5,65891.1
607,SHORT,SHORT,LONG,False,63.72,74.64,True,65890.1,65899.9
608,SHORT,SHORT,SHORT,True,58.99,74.64,True,65959.7,65878.0
609,SHORT,SHORT,SHORT,True,61.68,74.64,True,65898.9,65886.8
610,SHORT,SHORT,SHORT,True,62.13,74.64,True,65851.8,65846.8
611,SHORT,SHORT,LONG,False,62.52,74.64,True,65833.9,65877.6
612,SHORT,SHORT,SHORT,True,59.27,74.64,True,65910.1,65815.4
613,SHORT,SHORT,SHORT,True,57.68,74.64,True,65936.1,65705.6
614,SHORT,SHORT,SHORT,True,57.14,74.64,True,65927.1,65757.3
615,SHORT,SHORT,SHORT,True,59.68,74.64,True,65899.4,65750.2
616,SHORT,SHORT,SHORT,True,56.72,74.64,True,65904.4,65800.3
617,SHORT,SHORT,SHORT,True,56.02,74.64,True,65906.8,65813.4
618,SHORT,SHORT,LONG,False,55.06,74.64,True,65891.1,65956.1
619,SHORT,SHORT,LONG,False,54.61,74.64,True,65899.9,66009.9
620,SHORT,SHORT,LONG,False,51.99,73.45,True,65878.0,66003.9
621,SHORT,SHORT,LONG,False,51.34,74.64,True,65886.8,66042.4
622,SHORT,SHORT,LONG,False,55.31,74.64,True,65846.8,66049.1
623,SHORT,SHORT,LONG,False,52.14,74.64,True,65877.6,65991.2
624,SHORT,SHORT,LONG,False,55.8,73.45,True,65815.4,66018.2
625,SHORT,SHORT,LONG,False,61.83,74.64,True,65705.6,65951.2
626,SHORT,SHORT,LONG,False,55.47,74.64,True,65757.3,65900.1
627,SHORT,SHORT,LONG,False,56.37,74.64,True,65750.2,65942.7
628,SHORT,SHORT,LONG,False,48.67,73.45,True,65800.3,65948.4
629,SHORT,SHORT,LONG,False,47.49,73.45,True,65813.4,65953.5
630,SHORT,SHORT,LONG,False,51.59,71.07,True,65956.1,65985.6
631,LONG,LONG,LONG,True,36.32,71.07,True,66009.9,66036.6
632,LONG,LONG,SHORT,False,37.56,71.07,True,66003.9,65980.5
633,LONG,LONG,SHORT,False,38.54,71.07,True,66042.4,66028.8
634,LONG,LONG,SHORT,False,37.68,71.07,True,66049.1,66000.0
635,LONG,LONG,LONG,True,34.93,71.07,True,65991.2,65995.4
636,LONG,LONG,SHORT,False,35.65,71.07,True,66018.2,65864.3
637,SHORT,SHORT,SHORT,True,39.21,71.07,True,65951.2,65848.8
638,SHORT,SHORT,SHORT,True,46.95,73.45,True,65900.1,65854.8
639,SHORT,SHORT,SHORT,True,43.34,71.07,True,65942.7,65870.3
640,SHORT,SHORT,SHORT,True,66.83,74.64,True,65948.4,65860.3
641,SHORT,SHORT,SHORT,True,57.76,74.64,True,65953.5,65896.4
642,SHORT,SHORT,SHORT,True,37.79,69.28,True,65985.6,65904.2
643,SHORT,SHORT,SHORT,True,38.56,71.07,True,66036.6,65887.8
644,SHORT,SHORT,SHORT,True,37.02,69.28,True,65980.5,65892.4
645,SHORT,SHORT,SHORT,True,35.05,69.28,True,66028.8,65912.7
646,SHORT,SHORT,SHORT,True,36.4,71.07,True,66000.0,65937.3
647,SHORT,SHORT,SHORT,True,37.03,71.07,True,65995.4,65933.8
648,SHORT,SHORT,LONG,False,48.28,71.07,True,65864.3,65939.3
649,SHORT,SHORT,LONG,False,57.82,74.64,True,65848.8,65942.1
650,SHORT,SHORT,LONG,False,58.32,74.64,True,65854.8,65957.1
651,SHORT,SHORT,LONG,False,60.02,74.64,True,65870.3,66063.7
652,SHORT,SHORT,LONG,False,62.81,74.64,True,65860.3,66045.5
653,SHORT,SHORT,LONG,False,58.17,74.64,True,65896.4,66016.2
654,SHORT,SHORT,LONG,False,53.64,74.64,True,65904.2,66014.3
655,SHORT,SHORT,LONG,False,57.67,74.64,True,65887.8,65997.9
656,SHORT,SHORT,LONG,False,56.18,74.64,True,65892.4,65985.1
657,SHORT,SHORT,LONG,False,75.02,78.21,True,65912.7,65959.4
658,SHORT,SHORT,LONG,False,42.35,71.07,True,65937.3,66052.5
659,LONG,LONG,LONG,True,47.14,71.07,True,65933.8,66019.4
660,LONG,LONG,LONG,True,52.69,74.64,True,65939.3,66011.5
661,LONG,LONG,LONG,True,54.36,74.64,True,65942.1,65977.6
662,LONG,LONG,SHORT,False,55.38,74.64,True,65957.1,65879.9
663,LONG,LONG,SHORT,False,39.5,71.07,True,66063.7,66003.7
664,LONG,LONG,SHORT,False,39.84,71.07,True,66045.5,65999.8
665,LONG,LONG,SHORT,False,35.57,71.07,True,66016.2,65981.4
666,SHORT,SHORT,SHORT,True,36.35,71.07,True,66014.3,65911.9
667,SHORT,SHORT,SHORT,True,36.89,71.07,True,65997.9,65856.4
668,SHORT,SHORT,SHORT,True,38.11,69.28,True,65985.1,65880.1
669,SHORT,SHORT,SHORT,True,43.74,71.07,True,65959.4,65828.1
670,LONG,LONG,SHORT,False,49.33,72.34,True,66052.5,65824.2
671,LONG,LONG,SHORT,False,42.49,69.96,True,66019.4,65854.5
672,LONG,LONG,SHORT,False,38.09,69.96,True,66011.5,65766.1
673,SHORT,SHORT,SHORT,True,34.42,69.96,True,65977.6,65798.7
674,SHORT,SHORT,SHORT,True,43.69,69.96,True,65879.9,65750.1
675,SHORT,SHORT,SHORT,True,49.94,69.96,True,66003.7,65646.1
676,SHORT,SHORT,SHORT,True,52.13,69.96,True,65999.8,65711.1
677,SHORT,SHORT,SHORT,True,54.12,69.96,True,65981.4,65604.2
678,SHORT,SHORT,SHORT,True,41.67,69.96,True,65911.9,65614.5
679,SHORT,SHORT,SHORT,True,63.95,74.64,True,65856.4,65655.6
680,SHORT,SHORT,SHORT,True,61.93,74.64,True,65880.1,65619.0
681,SHORT,SHORT,SHORT,True,63.58,74.64,True,65828.1,65588.8
682,SHORT,SHORT,SHORT,True,63.69,74.64,True,65824.2,65549.4
683,SHORT,SHORT,SHORT,True,58.88,74.64,True,65854.5,65590.6
684,SHORT,SHORT,SHORT,True,62.54,74.64,True,65766.1,65761.3
685,SHORT,SHORT,LONG,False,59.08,74.64,True,65798.7,65818.7
686,SHORT,SHORT,LONG,False,60.23,74.64,True,65750.1,65864.8
687,SHORT,SHORT,LONG,False,59.89,74.64,True,65646.1,65870.4
688,SHORT,SHORT,LONG,False,55.73,74.64,True,65711.1,65899.9
689,SHORT,SHORT,LONG,False,59.0,74.64,True,65604.2,65924.9
690,SHORT,SHORT,LONG,False,58.85,74.64,True,65614.5,66004.1
691,SHORT,SHORT,LONG,False,55.56,74.64,True,65655.6,65971.9
692,SHORT,SHORT,LONG,False,58.23,74.64,True,65619.0,65873.5
693,SHORT,SHORT,LONG,False,60.63,74.64,True,65588.8,65747.8
694,SHORT,SHORT,LONG,False,63.07,74.64,True,65549.4,65615.6
695,SHORT,SHORT,LONG,False,61.92,74.64,True,65590.6,65591.4
696,SHORT,SHORT,SHORT,True,47.28,71.07,True,65761.3,65681.6
697,SHORT,SHORT,SHORT,True,42.58,71.07,True,65818.7,65698.1
698,SHORT,SHORT,SHORT,True,35.32,71.07,True,65864.8,65641.1
699,LONG,LONG,SHORT,False,57.07,74.64,True,65870.4,65716.0
700,SHORT,SHORT,SHORT,True,35.11,71.07,True,65899.9,65718.4
701,LONG,LONG,SHORT,False,36.37,71.07,True,65924.9,65770.2
702,LONG,LONG,SHORT,False,39.47,71.07,True,66004.1,65860.0
703,LONG,LONG,SHORT,False,36.02,71.07,True,65971.9,65845.2
704,SHORT,SHORT,LONG,False,37.34,71.07,True,65873.5,65905.2
705,LONG,LONG,LONG,True,45.27,71.07,True,65747.8,65951.7
706,SHORT,SHORT,LONG,False,49.58,71.07,True,65615.6,65999.5
707,SHORT,SHORT,LONG,False,57.24,74.64,True,65591.4,66044.2
708,SHORT,SHORT,LONG,False,78.08,78.21,True,65681.6,65958.8
709,SHORT,SHORT,LONG,False,75.49,77.62,True,65698.1,65946.2
710,SHORT,SHORT,LONG,False,56.7,74.64,True,65641.1,65985.2
711,SHORT,SHORT,LONG,False,78.25,78.21,True,65716.0,66014.8
712,SHORT,SHORT,LONG,False,77.98,78.21,True,65718.4,65985.9
713,SHORT,SHORT,LONG,False,75.91,78.21,True,65770.2,66014.8
714,SHORT,SHORT,LONG,False,47.51,74.64,True,65860.0,65994.9
715,SHORT,SHORT,LONG,False,47.13,73.45,True,65845.2,66115.5
716,SHORT,SHORT,LONG,False,40.48,71.07,True,65905.2,66090.2
717,SHORT,SHORT,LONG,False,37.76,71.07,True,65951.7,66030.9
718,SHORT,SHORT,SHORT,True,36.05,71.07,True,65999.5,65940.8
719,LONG,LONG,SHORT,False,53.3,73.53,True,66044.2,65990.0
720,LONG,LONG,LONG,True,49.5,73.53,True,65958.8,66207.4
721,LONG,LONG,LONG,True,69.85,77.1,True,65946.2,66325.8
722,LONG,LONG,LONG,True,49.49,73.53,True,65985.2,66260.0
723,LONG,LONG,LONG,True,51.75,73.53,True,66014.8,66163.0
724,LONG,LONG,LONG,True,52.1,73.53,True,65985.9,66120.0
725,LONG,LONG,LONG,True,53.28,73.53,True,66014.8,66199.7
726,LONG,LONG,LONG,True,48.74,72.34,True,65994.9,66191.5
727,LONG,LONG,LONG,True,52.33,72.34,True,66115.5,66168.8
728,LONG,LONG,LONG,True,46.83,69.96,True,66090.2,66137.0
729,LONG,LONG,LONG,True,44.55,69.96,True,66030.9,66042.1
730,LONG,LONG,LONG,True,44.37,72.34,True,65940.8,66016.8
731,LONG,LONG,SHORT,False,41.96,69.96,True,65990.0,65963.0
732,LONG,LONG,SHORT,False,51.54,72.34,True,66207.4,66019.4
733,LONG,LONG,SHORT,False,51.62,72.34,True,66325.8,66109.7
734,LONG,LONG,SHORT,False,48.89,72.34,True,66260.0,66149.9
735,LONG,LONG,SHORT,False,44.31,72.34,True,66163.0,66126.4
736,LONG,LONG,SHORT,False,35.7,69.96,True,66120.0,66021.8
737,LONG,LONG,SHORT,False,40.5,69.96,True,66199.7,65997.5
738,LONG,LONG,SHORT,False,46.92,73.53,True,66191.5,66045.3
739,LONG,LONG,SHORT,False,43.57,72.34,True,66168.8,65970.1
740,LONG,LONG,SHORT,False,42.19,72.34,True,66137.0,65959.3
741,SHORT,SHORT,SHORT,True,35.96,69.96,True,66042.1,65966.7
742,SHORT,SHORT,SHORT,True,39.72,69.96,True,66016.8,65842.7
743,SHORT,SHORT,SHORT,True,42.55,69.96,True,65963.0,65865.3
744,SHORT,SHORT,SHORT,True,61.69,73.53,True,66019.4,65727.7
745,SHORT,SHORT,SHORT,True,55.28,73.53,True,66109.7,65725.6
746,SHORT,SHORT,SHORT,True,49.86,69.96,True,66149.9,65751.1
747,LONG,LONG,SHORT,False,36.92,69.96,True,66126.4,65784.4
748,LONG,LONG,SHORT,False,51.89,69.96,True,66021.8,65860.0
749,SHORT,SHORT,SHORT,True,60.1,73.53,True,65997.5,65860.5
750,SHORT,SHORT,SHORT,True,58.19,73.53,True,66045.3,65849.9
751,SHORT,SHORT,SHORT,True,37.23,68.17,True,65970.1,65768.6
752,SHORT,SHORT,SHORT,True,38.45,68.17,True,65959.3,65739.3
753,SHORT,SHORT,SHORT,True,41.61,69.96,True,65966.7,65819.0
754,SHORT,SHORT,SHORT,True,44.64,69.96,True,65842.7,65842.1
755,SHORT,SHORT,SHORT,True,43.92,69.96,True,65865.3,65863.8
756,SHORT,SHORT,LONG,False,65.91,74.64,True,65727.7,65882.9
757,SHORT,SHORT,LONG,False,65.6,74.64,True,65725.6,65866.1
758,SHORT,SHORT,LONG,False,64.39,74.64,True,65751.1,65829.9
759,SHORT,SHORT,LONG,False,60.67,74.64,True,65784.4,65857.7
760,SHORT,SHORT,SHORT,True,56.14,74.64,True,65860.0,65847.5
761,SHORT,SHORT,LONG,False,53.81,74.64,True,65860.5,65891.1
762,SHORT,SHORT,SHORT,True,53.96,74.64,True,65849.9,65819.9
763,SHORT,SHORT,LONG,False,59.23,74.64,True,65768.6,65801.2
764,SHORT,SHORT,LONG,False,59.41,74.64,True,65739.3,65901.5
765,SHORT,SHORT,LONG,False,52.55,73.45,True,65819.0,65900.5
766,SHORT,SHORT,LONG,False,47.54,71.07,True,65842.1,65902.3
767,SHORT,SHORT,LONG,False,42.73,71.07,True,65863.8,65900.4
768,SHORT,SHORT,SHORT,True,39.83,71.07,True,65882.9,65870.6
769,SHORT,SHORT,LONG,False,43.18,71.07,True,65866.1,65907.0
770,SHORT,SHORT,LONG,False,51.14,74.64,True,65829.9,65912.8
771,SHORT,SHORT,LONG,False,44.53,71.07,True,65857.7,65880.1
772,SHORT,SHORT,LONG,False,43.0,71.07,True,65847.5,65882.6
773,SHORT,SHORT,SHORT,True,57.01,71.07,True,65891.1,65887.8
774,SHORT,SHORT,LONG,False,39.95,71.07,True,65819.9,65890.9
775,SHORT,SHORT,LONG,False,64.79,73.45,True,65801.2,65890.9
776,SHORT,SHORT,SHORT,True,57.1,73.45,True,65901.5,65897.7
777,SHORT,SHORT,SHORT,True,57.33,73.45,True,65900.5,65885.0
778,LONG,LONG,SHORT,False,35.34,71.07,True,65902.3,65884.4
779,LONG,LONG,SHORT,False,35.2,71.07,True,65900.4,65877.0
780,SHORT,SHORT,LONG,False,36.25,71.07,True,65870.6,65920.0
781,SHORT,SHORT,LONG,False,35.8,71.07,True,65907.0,66012.5
782,SHORT,SHORT,LONG,False,34.92,71.07,True,65912.8,66085.9
783,SHORT,SHORT,LONG,False,35.96,69.28,True,65880.1,66083.8
784,SHORT,SHORT,LONG,False,38.38,71.07,True,65882.6,66030.0
785,SHORT,SHORT,LONG,False,41.73,71.07,True,65887.8,66034.5
786,SHORT,SHORT,LONG,False,42.58,71.07,True,65890.9,65971.6
787,SHORT,SHORT,LONG,False,41.35,71.07,True,65890.9,65973.7
788,SHORT,SHORT,LONG,False,42.71,71.07,True,65897.7,65972.8
789,SHORT,SHORT,LONG,False,42.5,71.07,True,65885.0,65965.6
790,SHORT,SHORT,LONG,False,41.86,71.07,True,65884.4,65972.8
791,SHORT,SHORT,LONG,False,44.72,71.07,True,65877.0,65990.3
792,SHORT,SHORT,LONG,False,38.42,71.07,True,65920.0,65944.0
793,SHORT,SHORT,SHORT,True,32.95,69.28,True,66012.5,65922.3
794,LONG,LONG,SHORT,False,54.23,73.53,True,66085.9,65926.6
795,LONG,LONG,SHORT,False,52.55,73.53,True,66083.8,65994.9
796,LONG,LONG,SHORT,False,47.7,73.53,True,66030.0,66002.8
797,LONG,LONG,SHORT,False,48.06,73.53,True,66034.5,66013.8
798,LONG,LONG,LONG,True,38.53,69.96,True,65971.6,65993.2
799,LONG,LONG,LONG,True,38.88,69.96,True,65973.7,66033.0
800,LONG,LONG,SHORT,False,39.94,69.96,True,65972.8,65856.8
801,LONG,LONG,SHORT,False,34.73,68.17,True,65965.6,65860.6
802,LONG,LONG,SHORT,False,35.24,69.96,True,65972.8,65939.8
803,LONG,LONG,SHORT,False,36.69,69.96,True,65990.3,65938.2
804,SHORT,SHORT,SHORT,True,35.49,69.96,True,65944.0,65926.7
805,SHORT,SHORT,LONG,False,63.46,73.53,True,65922.3,65944.0
806,SHORT,SHORT,LONG,False,62.41,73.53,True,65926.6,65952.4
807,SHORT,SHORT,LONG,False,51.52,69.96,True,65994.9,65996.0
808,LONG,LONG,LONG,True,38.76,69.96,True,66002.8,66034.1
809,LONG,LONG,LONG,True,43.81,72.34,True,66013.8,66082.0
810,LONG,LONG,LONG,True,42.1,72.34,True,65993.2,66106.6
811,LONG,LONG,LONG,True,48.61,73.53,True,66033.0,66171.9
812,LONG,LONG,LONG,True,53.89,73.53,True,65856.8,66154.2
813,SHORT,SHORT,LONG,False,37.26,69.96,True,65860.6,66157.3
814,LONG,LONG,LONG,True,38.88,69.96,True,65939.8,66242.3
815,LONG,LONG,LONG,True,39.72,69.96,True,65938.2,66218.0
816,LONG,LONG,LONG,True,39.9,69.96,True,65926.7,66235.7
817,LONG,LONG,LONG,True,43.89,73.53,True,65944.0,66167.9
818,LONG,LONG,LONG,True,44.59,73.53,True,65952.4,66112.6
819,LONG,LONG,LONG,True,50.5,73.53,True,65996.0,66108.2
820,LONG,LONG,LONG,True,53.82,73.53,True,66034.1,66092.4
821,LONG,LONG,SHORT,False,54.86,73.53,True,66082.0,66023.8
822,LONG,LONG,LONG,True,58.53,73.53,True,66106.6,66120.0
823,LONG,LONG,SHORT,False,57.01,73.53,True,66171.9,65990.7
824,LONG,LONG,SHORT,False,61.16,74.64,True,66154.2,66013.4
825,LONG,LONG,SHORT,False,61.76,74.64,True,66157.3,65887.5
826,LONG,LONG,SHORT,False,67.81,74.64,True,66242.3,65882.7
827,LONG,LONG,SHORT,False,65.21,74.64,True,66218.0,65895.3
828,LONG,LONG,SHORT,False,63.19,74.64,True,66235.7,65830.2
829,LONG,LONG,SHORT,False,58.07,74.64,True,66167.9,65738.3
830,LONG,LONG,SHORT,False,52.83,74.64,True,66112.6,65755.2
831,LONG,LONG,SHORT,False,52.31,74.64,True,66108.2,65799.6
832,LONG,LONG,SHORT,False,45.11,71.07,True,66092.4,65825.3
833,SHORT,SHORT,SHORT,True,53.81,74.64,True,66023.8,65793.8
834,SHORT,SHORT,SHORT,True,46.22,71.07,True,66120.0,65804.8
835,SHORT,SHORT,SHORT,True,58.89,74.64,True,65990.7,65780.0
836,SHORT,SHORT,SHORT,True,58.83,74.64,True,66013.4,65700.9
837,SHORT,SHORT,SHORT,True,40.12,71.07,True,65887.5,65725.9
838,SHORT,SHORT,SHORT,True,41.74,71.07,True,65882.7,65700.8
839,SHORT,SHORT,SHORT,True,40.87,71.07,True,65895.3,65707.8
840,SHORT,SHORT,SHORT,True,41.74,71.07,True,65830.2,65788.0
841,SHORT,SHORT,SHORT,True,59.3,73.53,True,65738.3,65735.9
842,SHORT,SHORT,SHORT,True,58.46,73.53,True,65755.2,65750.9
843,SHORT,SHORT,SHORT,True,55.89,73.53,True,65799.6,65760.1
844,SHORT,SHORT,SHORT,True,59.35,74.64,True,65825.3,65750.7
845,SHORT,SHORT,SHORT,True,59.26,74.64,True,65793.8,65777.4
846,SHORT,SHORT,SHORT,True,58.42,74.64,True,65804.8,65710.7
847,SHORT,SHORT,SHORT,True,52.24,71.07,True,65780.0,65711.6
848,SHORT,SHORT,SHORT,True,59.18,73.45,True,65700.9,65603.9
849,SHORT,SHORT,SHORT,True,56.98,73.45,True,65725.9,65592.9
850,SHORT,SHORT,SHORT,True,57.62,73.45,True,65700.8,65611.4
851,SHORT,SHORT,SHORT,True,58.09,74.64,True,65707.8,65611.6
852,SHORT,SHORT,SHORT,True,54.45,74.64,True,65788.0,65642.0
853,SHORT,SHORT,SHORT,True,58.47,74.64,True,65735.9,65668.5
854,SHORT,SHORT,SHORT,True,59.53,74.64,True,65750.9,65657.3
855,SHORT,SHORT,SHORT,True,55.22,74.64,True,65760.1,65614.7
856,SHORT,SHORT,SHORT,True,56.3,74.64,True,65750.7,65633.1
857,SHORT,SHORT,SHORT,True,50.41,74.64,True,65777.4,65626.8
858,SHORT,SHORT,SHORT,True,54.55,74.64,True,65710.7,65619.7
859,SHORT,SHORT,SHORT,True,53.79,74.64,True,65711.6,65589.4
860,SHORT,SHORT,LONG,False,56.98,74.64,True,65603.9,65643.1
861,SHORT,SHORT,LONG,False,59.77,74.64,True,65592.9,65608.2
862,SHORT,SHORT,LONG,False,56.77,74.64,True,65611.4,65675.0
863,SHORT,SHORT,LONG,False,56.24,74.64,True,65611.6,65666.8
864,SHORT,SHORT,SHORT,True,53.82,74.64,True,65642.0,65638.2
865,SHORT,SHORT,SHORT,True,48.31,73.45,True,65668.5,65605.1
866,SHORT,SHORT,SHORT,True,51.88,74.64,True,65657.3,65600.6
867,SHORT,SHORT,SHORT,True,54.8,74.64,True,65614.7,65602.7
868,SHORT,SHORT,SHORT,True,50.64,73.45,True,65633.1,65576.2
869,SHORT,SHORT,SHORT,True,46.2,71.07,True,65626.8,65585.3
870,SHORT,SHORT,SHORT,True,51.62,73.45,True,65619.7,65560.3
871,SHORT,SHORT,LONG,False,57.36,74.64,True,65589.4,65602.9
872,SHORT,SHORT,SHORT,True,45.65,71.07,True,65643.1,65612.1
873,SHORT,SHORT,LONG,False,48.56,71.07,True,65608.2,65626.8
874,SHORT,SHORT,SHORT,True,47.45,73.45,True,65675.0,65614.5
875,SHORT,SHORT,LONG,False,43.34,71.07,True,65666.8,65695.5
876,SHORT,SHORT,LONG,False,45.92,71.07,True,65638.2,65716.0
877,SHORT,SHORT,LONG,False,52.48,73.45,True,65605.1,65682.4
878,SHORT,SHORT,LONG,False,53.76,74.64,True,65600.6,65708.0
879,SHORT,SHORT,LONG,False,49.99,73.45,True,65602.7,65660.0
880,SHORT,SHORT,LONG,False,55.7,74.64,True,65576.2,65620.2
881,SHORT,SHORT,LONG,False,56.83,74.64,True,65585.3,65663.9
882,SHORT,SHORT,LONG,False,61.6,74.64,True,65560.3,65669.7
883,SHORT,SHORT,LONG,False,55.06,74.64,True,65602.9,65642.1
884,SHORT,SHORT,LONG,False,54.09,74.64,True,65612.1,65639.3
885,SHORT,SHORT,LONG,False,46.0,71.07,True,65626.8,65674.8
886,SHORT,SHORT,SHORT,True,48.17,73.45,True,65614.5,65607.2
887,LONG,LONG,LONG,True,35.79,71.07,True,65695.5,65719.3
888,SHORT,SHORT,SHORT,True,34.71,71.07,True,65716.0,65682.9
889,SHORT,SHORT,LONG,False,37.81,71.07,True,65682.4,65709.8
890,LONG,LONG,LONG,True,36.29,71.07,True,65708.0,65740.1
891,SHORT,SHORT,LONG,False,37.45,71.07,True,65660.0,65768.1
892,SHORT,SHORT,LONG,False,42.91,71.07,True,65620.2,65773.3
893,LONG,LONG,LONG,True,53.85,74.64,True,65663.9,65763.2
894,SHORT,SHORT,LONG,False,38.63,71.07,True,65669.7,65680.8
895,SHORT,SHORT,LONG,False,58.36,74.64,True,65642.1,65657.8
896,SHORT,SHORT,SHORT,True,47.85,73.45,True,65639.3,65423.4
897,SHORT,SHORT,SHORT,True,39.5,69.28,True,65674.8,65425.1
898,SHORT,SHORT,SHORT,True,70.8,74.64,True,65607.2,65408.8
899,SHORT,SHORT,SHORT,True,36.45,71.07,True,65719.3,65408.6
900,SHORT,SHORT,SHORT,True,39.71,71.07,True,65682.9,65394.5
901,SHORT,SHORT,SHORT,True,37.05,71.07,True,65709.8,65401.1
902,LONG,LONG,SHORT,False,34.72,71.07,True,65740.1,65364.8
903,LONG,LONG,SHORT,False,36.37,71.07,True,65768.1,65381.9
904,LONG,LONG,SHORT,False,37.47,71.07,True,65773.3,65394.4
905,LONG,LONG,SHORT,False,38.06,71.07,True,65763.2,65405.3
906,LONG,LONG,SHORT,False,45.95,71.07,True,65680.8,65403.1
907,LONG,LONG,SHORT,False,42.42,71.07,True,65657.8,65481.0
908,SHORT,SHORT,LONG,False,56.38,74.64,True,65423.4,65503.5
909,SHORT,SHORT,LONG,False,56.45,74.64,True,65425.1,65544.5
910,SHORT,SHORT,LONG,False,56.93,74.64,True,65408.8,65504.9
911,SHORT,SHORT,LONG,False,58.55,74.64,True,65408.6,65564.1
912,SHORT,SHORT,LONG,False,60.39,74.64,True,65394.5,65600.0
913,SHORT,SHORT,LONG,False,62.43,74.64,True,65401.1,65582.3
914,SHORT,SHORT,LONG,False,64.41,74.64,True,65364.8,65605.0
915,SHORT,SHORT,LONG,False,63.6,74.64,True,65381.9,65600.0
916,SHORT,SHORT,LONG,False,63.23,74.64,True,65394.4,65598.1
917,SHORT,SHORT,LONG,False,59.55,74.64,True,65405.3,65605.9
918,SHORT,SHORT,LONG,False,59.39,74.64,True,65403.1,65694.5
919,SHORT,SHORT,LONG,False,53.41,74.64,True,65481.0,65681.9
920,SHORT,SHORT,LONG,False,50.02,73.45,True,65503.5,65643.5
921,SHORT,SHORT,LONG,False,44.36,71.07,True,65544.5,65691.1
922,LONG,LONG,LONG,True,43.29,71.07,True,65504.9,65673.8
923,LONG,LONG,LONG,True,50.29,74.64,True,65564.1,65684.2
924,LONG,LONG,LONG,True,54.47,74.64,True,65600.0,65670.8
925,LONG,LONG,LONG,True,55.87,74.64,True,65582.3,65678.7
926,LONG,LONG,LONG,True,57.42,74.64,True,65605.0,65699.9
927,LONG,LONG,LONG,True,37.51,71.07,True,65600.0,65669.4
928,LONG,LONG,LONG,True,36.13,71.07,True,65598.1,65643.4
929,LONG,LONG,LONG,True,36.77,71.07,True,65605.9,65607.9
930,LONG,LONG,SHORT,False,37.73,71.07,True,65694.5,65633.9
931,LONG,LONG,SHORT,False,36.51,71.07,True,65681.9,65658.7
932,SHORT,SHORT,LONG,False,35.11,71.07,True,65643.5,65690.0
933,LONG,LONG,SHORT,False,37.21,71.07,True,65691.1,65677.5
934,LONG,LONG,LONG,True,36.0,71.07,True,65673.8,65684.6
935,LONG,LONG,LONG,True,54.15,73.53,True,65684.2,65736.1
936,LONG,LONG,LONG,True,51.63,73.53,True,65670.8,65710.1
937,LONG,LONG,LONG,True,52.13,73.53,True,65678.7,65738.3
938,LONG,LONG,LONG,True,52.87,73.53,True,65699.9,65748.7
939,LONG,LONG,LONG,True,49.69,73.53,True,65669.4,65753.7
940,LONG,LONG,LONG,True,43.95,72.34,True,65643.4,65695.5
941,LONG,LONG,LONG,True,41.27,72.34,True,65607.9,65704.2
942,LONG,LONG,LONG,True,38.25,69.96,True,65633.9,65659.9
943,LONG,LONG,SHORT,False,37.59,69.96,True,65658.7,65633.3
944,LONG,LONG,SHORT,False,42.37,69.96,True,65690.0,65683.0
945,LONG,LONG,SHORT,False,44.53,72.34,True,65677.5,65659.0
946,LONG,LONG,SHORT,False,45.38,72.34,True,65684.6,65610.5
947,LONG,LONG,SHORT,False,50.93,72.34,True,65736.1,65594.1
948,LONG,LONG,SHORT,False,48.78,73.53,True,65710.1,65598.1
949,LONG,LONG,SHORT,False,52.49,73.53,True,65738.3,65553.1
950,LONG,LONG,SHORT,False,55.37,73.53,True,65748.7,65528.0
951,LONG,LONG,SHORT,False,58.84,73.53,True,65753.7,65530.1
952,LONG,LONG,SHORT,False,49.83,73.53,True,65695.5,65542.2
953,LONG,LONG,SHORT,False,48.05,73.53,True,65704.2,65525.4
954,LONG,LONG,SHORT,False,60.1,73.53,True,65659.9,65536.3
955,SHORT,SHORT,SHORT,True,34.52,69.96,True,65633.3,65461.8
956,SHORT,SHORT,SHORT,True,48.91,69.96,True,65683.0,65480.4
957,LONG,LONG,SHORT,False,36.21,69.96,True,65659.0,65400.1
958,SHORT,SHORT,SHORT,True,37.89,69.96,True,65610.5,65394.2
959,SHORT,SHORT,SHORT,True,39.41,69.96,True,65594.1,65392.9
960,SHORT,SHORT,SHORT,True,41.22,69.96,True,65598.1,65255.3
961,SHORT,SHORT,SHORT,True,45.78,69.96,True,65553.1,65139.6
962,SHORT,SHORT,SHORT,True,62.57,74.64,True,65528.0,65083.3
963,SHORT,SHORT,SHORT,True,60.57,74.64,True,65530.1,65120.1
964,SHORT,SHORT,SHORT,True,57.32,74.64,True,65542.2,65203.5
965,SHORT,SHORT,SHORT,True,60.94,74.64,True,65525.4,65138.0
966,SHORT,SHORT,SHORT,True,58.81,74.64,True,65536.3,65093.1
967,SHORT,SHORT,SHORT,True,63.14,74.64,True,65461.8,65000.0
968,SHORT,SHORT,SHORT,True,60.82,74.64,True,65480.4,65011.3
969,SHORT,SHORT,SHORT,True,63.17,74.64,True,65400.1,65009.4
970,SHORT,SHORT,SHORT,True,61.63,74.64,True,65394.2,65033.7
971,SHORT,SHORT,SHORT,True,60.76,74.64,True,65392.9,64995.6
972,SHORT,SHORT,SHORT,True,62.45,74.64,True,65255.3,65159.0
973,SHORT,SHORT,SHORT,True,65.97,74.64,True,65139.6,64980.6
974,SHORT,SHORT,SHORT,True,66.35,74.64,True,65083.3,65066.3
975,SHORT,SHORT,SHORT,True,63.86,74.64,True,65120.1,64948.4
976,SHORT,SHORT,SHORT,True,58.94,74.64,True,65203.5,65067.7
977,SHORT,SHORT,SHORT,True,60.5,74.64,True,65138.0,64858.6
978,SHORT,SHORT,SHORT,True,61.63,74.64,True,65093.1,64936.0
979,SHORT,SHORT,SHORT,True,66.66,74.64,True,65000.0,64887.3
980,SHORT,SHORT,LONG,False,66.24,74.64,True,65011.3,65032.0
981,SHORT,SHORT,LONG,False,66.16,74.64,True,65009.4,65067.0
982,SHORT,SHORT,LONG,False,63.17,74.64,True,65033.7,65110.6
983,SHORT,SHORT,LONG,False,64.56,74.64,True,64995.6,65127.2
984,SHORT,SHORT,SHORT,True,56.17,74.64,True,65159.0,65048.7
985,SHORT,SHORT,LONG,False,64.95,74.64,True,64980.6,65149.4
986,SHORT,SHORT,SHORT,True,60.8,74.64,True,65066.3,65006.1
987,SHORT,SHORT,SHORT,True,62.69,74.64,True,64948.4,64909.8
988,SHORT,SHORT,SHORT,True,55.49,74.64,True,65067.7,64838.3
989,SHORT,SHORT,LONG,False,61.89,74.64,True,64858.6,64884.6
990,SHORT,SHORT,SHORT,True,58.41,74.64,True,64936.0,64862.2
991,SHORT,SHORT,SHORT,True,59.71,74.64,True,64887.3,64800.1
992,SHORT,SHORT,SHORT,True,47.54,73.45,True,65032.0,64745.9
993,SHORT,SHORT,SHORT,True,39.65,69.28,True,65067.0,64858.4
994,SHORT,SHORT,SHORT,True,37.37,71.07,True,65110.6,64919.8
995,LONG,LONG,SHORT,False,56.04,74.64,True,65127.2,64844.0
996,LONG,LONG,SHORT,False,52.96,74.64,True,65048.7,64887.7
997,LONG,LONG,SHORT,False,34.84,71.07,True,65149.4,64929.8
998,SHORT,SHORT,SHORT,True,42.89,71.07,True,65006.1,64878.7
999,SHORT,SHORT,LONG,False,48.04,71.07,True,64909.8,64949.6
1000,SHORT,SHORT,LONG,False,55.75,73.45,True,64838.3,64937.6
1001,SHORT,SHORT,LONG,False,56.26,74.64,True,64884.6,64940.4
1002,SHORT,SHORT,SHORT,True,58.26,74.64,True,64862.2,64851.2
1003,SHORT,SHORT,LONG,False,63.58,74.64,True,64800.1,64816.6
1004,SHORT,SHORT,LONG,False,62.84,74.64,True,64745.9,64854.4
1005,SHORT,SHORT,SHORT,True,56.31,74.64,True,64858.4,64746.6
1006,SHORT,SHORT,SHORT,True,52.95,74.64,True,64919.8,64804.3
1007,SHORT,SHORT,SHORT,True,56.14,74.64,True,64844.0,64797.1
1008,SHORT,SHORT,SHORT,True,76.43,78.21,True,64887.7,64712.7
1009,SHORT,SHORT,SHORT,True,47.45,73.45,True,64929.8,64765.1
1010,SHORT,SHORT,SHORT,True,45.51,71.07,True,64878.7,64721.4
1011,SHORT,SHORT,SHORT,True,42.14,69.28,True,64949.6,64725.4
1012,SHORT,SHORT,SHORT,True,42.6,71.07,True,64937.6,64743.7
1013,SHORT,SHORT,SHORT,True,41.0,71.07,True,64940.4,64731.4
1014,SHORT,SHORT,SHORT,True,47.75,71.07,True,64851.2,64745.7
1015,SHORT,SHORT,SHORT,True,55.92,74.64,True,64816.6,64764.4
1016,SHORT,SHORT,SHORT,True,51.99,73.45,True,64854.4,64754.2
1017,SHORT,SHORT,SHORT,True,55.92,73.45,True,64746.6,64744.9
1018,SHORT,SHORT,LONG,False,53.15,74.64,True,64804.3,64837.1
1019,SHORT,SHORT,LONG,False,53.16,74.64,True,64797.1,64827.8
1020,SHORT,SHORT,LONG,False,59.28,74.64,True,64712.7,64860.0
1021,SHORT,SHORT,LONG,False,58.29,74.64,True,64765.1,64789.9
1022,SHORT,SHORT,LONG,False,61.17,74.64,True,64721.4,64813.5
1023,SHORT,SHORT,LONG,False,59.89,74.64,True,64725.4,64820.6
1024,SHORT,SHORT,LONG,False,59.32,74.64,True,64743.7,64785.4
1025,SHORT,SHORT,SHORT,True,60.52,74.64,True,64731.4,64654.4
1026,SHORT,SHORT,SHORT,True,59.1,74.64,True,64745.7,64692.1
1027,SHORT,SHORT,SHORT,True,58.1,74.64,True,64764.4,64754.5
1028,SHORT,SHORT,SHORT,True,59.73,74.64,True,64754.2,64713.4
1029,SHORT,SHORT,SHORT,True,57.63,74.64,True,64744.9,64713.2
1030,SHORT,SHORT,SHORT,True,47.97,73.45,True,64837.1,64730.7
1031,SHORT,SHORT,SHORT,True,44.28,71.07,True,64827.8,64790.4
1032,LONG,LONG,SHORT,False,53.05,74.64,True,64860.0,64844.9
1033,LONG,LONG,LONG,True,45.07,71.07,True,64789.9,64793.6
1034,LONG,LONG,SHORT,False,53.07,74.64,True,64813.5,64791.0
1035,LONG,LONG,LONG,True,56.35,74.64,True,64820.6,64857.7
1036,SHORT,SHORT,LONG,False,60.4,71.07,True,64785.4,64852.0
1037,SHORT,SHORT,LONG,False,51.65,71.07,True,64654.4,64842.5
1038,SHORT,SHORT,LONG,False,52.6,73.45,True,64692.1,64875.3
1039,SHORT,SHORT,LONG,False,71.12,77.62,True,64754.5,64856.2
1040,SHORT,SHORT,LONG,False,46.32,71.07,True,64713.4,64786.9
1041,SHORT,SHORT,LONG,False,53.13,74.64,True,64713.2,64772.6
1042,SHORT,SHORT,LONG,False,75.35,78.21,True,64730.7,64830.9
1043,SHORT,SHORT,LONG,False,63.2,73.45,True,64790.4,64871.5
1044,SHORT,SHORT,LONG,False,34.0,69.28,True,64844.9,64878.4
1045,SHORT,SHORT,SHORT,True,38.24,71.07,True,64793.6,64789.4
1046,SHORT,SHORT,SHORT,True,38.57,71.07,True,64791.0,64731.5
1047,LONG,LONG,SHORT,False,36.76,71.07,True,64857.7,64684.3
1048,SHORT,SHORT,SHORT,True,35.22,71.07,True,64852.0,64700.3
1049,SHORT,SHORT,SHORT,True,38.62,71.07,True,64842.5,64820.7
1050,LONG,LONG,LONG,True,35.36,71.07,True,64875.3,64919.0
1051,LONG,LONG,LONG,True,59.09,74.64,True,64856.2,65014.8
1052,LONG,LONG,LONG,True,52.01,74.64,True,64786.9,65027.8
1053,LONG,LONG,LONG,True,45.49,71.07,True,64772.6,65104.7
1054,SHORT,SHORT,LONG,False,41.84,71.07,True,64830.9,65105.4
1055,SHORT,SHORT,LONG,False,35.88,71.07,True,64871.5,65141.4
1056,LONG,LONG,LONG,True,34.78,71.07,True,64878.4,65093.7
1057,SHORT,SHORT,LONG,False,49.01,74.64,True,64789.4,65091.1
1058,LONG,LONG,LONG,True,38.45,71.07,True,64731.5,65099.3
1059,SHORT,SHORT,LONG,False,61.9,74.64,True,64684.3,65110.4
1060,SHORT,SHORT,LONG,False,58.91,74.64,True,64700.3,65105.0
1061,SHORT,SHORT,LONG,False,66.38,74.64,True,64820.7,65117.7
1062,SHORT,SHORT,LONG,False,56.86,73.45,True,64919.0,65125.3
1063,LONG,LONG,LONG,True,36.92,71.07,True,65014.8,65054.0
1064,LONG,LONG,SHORT,False,37.13,71.07,True,65027.8,65021.8
1065,LONG,LONG,SHORT,False,53.7,73.53,True,65104.7,65000.0
1066,LONG,LONG,SHORT,False,55.21,73.53,True,65105.4,65047.6
1067,LONG,LONG,SHORT,False,57.33,73.53,True,65141.4,65087.9
1068,LONG,LONG,SHORT,False,55.28,73.53,True,65093.7,65068.6
1069,LONG,LONG,SHORT,False,56.5,73.53,True,65091.1,65048.8
1070,LONG,LONG,SHORT,False,54.21,73.53,True,65099.3,65069.9
1071,LONG,LONG,LONG,True,55.12,73.53,True,65110.4,65128.4
1072,LONG,LONG,LONG,True,54.96,73.53,True,65105.0,65106.1
1073,LONG,LONG,LONG,True,55.87,73.53,True,65117.7,65137.4
1074,LONG,LONG,LONG,True,55.72,73.53,True,65125.3,65141.3
1075,LONG,LONG,LONG,True,50.13,73.53,True,65054.0,65132.1
1076,LONG,LONG,LONG,True,45.4,72.34,True,65021.8,65064.8
1077,LONG,LONG,LONG,True,47.6,73.53,True,65000.0,65030.4
1078,LONG,LONG,LONG,True,51.02,73.53,True,65047.6,65120.3
1079,LONG,LONG,LONG,True,55.11,73.53,True,65087.9,65111.2
1080,LONG,LONG,LONG,True,52.58,73.53,True,65068.6,65153.7
1081,LONG,LONG,LONG,True,46.71,73.53,True,65048.8,65181.3
1082,LONG,LONG,LONG,True,42.19,72.34,True,65069.9,65172.2
1083,LONG,LONG,LONG,True,45.48,72.34,True,65128.4,65153.8
1084,LONG,LONG,LONG,True,47.42,73.53,True,65106.1,65122.6
1085,LONG,LONG,LONG,True,51.52,73.53,True,65137.4,65158.2
1086,LONG,LONG,LONG,True,76.1,77.1,True,65141.3,65155.8
1087,LONG,LONG,LONG,True,51.35,73.53,True,65132.1,65140.0
1088,LONG,LONG,LONG,True,61.7,73.53,True,65064.8,65158.6
1089,LONG,LONG,LONG,True,57.12,73.53,True,65030.4,65168.3
1090,LONG,LONG,LONG,True,48.56,73.53,True,65120.3,65137.2
1091,LONG,LONG,LONG,True,48.35,73.53,True,65111.2,65148.0
1092,LONG,LONG,LONG,True,51.77,73.53,True,65153.7,65166.9
1093,LONG,LONG,SHORT,False,54.42,73.53,True,65181.3,65157.7
1094,LONG,LONG,SHORT,False,53.57,73.53,True,65172.2,65140.6
1095,LONG,LONG,SHORT,False,51.2,73.53,True,65153.8,65102.9
1096,LONG,LONG,SHORT,False,44.49,72.34,True,65122.6,65047.0
1097,LONG,LONG,SHORT,False,51.46,73.53,True,65158.2,65069.6
1098,LONG,LONG,SHORT,False,53.42,73.53,True,65155.8,64999.9
1099,LONG,LONG,SHORT,False,52.02,73.53,True,65140.0,64921.5
1100,LONG,LONG,SHORT,False,51.49,73.53,True,65158.6,64904.3
1101,LONG,LONG,SHORT,False,52.29,73.53,True,65168.3,64895.0
1102,LONG,LONG,SHORT,False,47.63,73.53,True,65137.2,64935.0
1103,LONG,LONG,SHORT,False,46.28,72.34,True,65148.0,64853.8
1104,LONG,LONG,SHORT,False,50.41,73.53,True,65166.9,64811.7
1105,LONG,LONG,SHORT,False,51.66,73.53,True,65157.7,64765.1
1106,LONG,LONG,SHORT,False,47.93,73.53,True,65140.6,64824.9
1107,LONG,LONG,SHORT,False,38.28,69.96,True,65102.9,64905.9
1108,SHORT,SHORT,SHORT,True,61.0,73.53,True,65047.0,64889.8
1109,SHORT,SHORT,SHORT,True,38.35,69.96,True,65069.6,64953.1
1110,SHORT,SHORT,LONG,False,41.38,69.96,True,64999.9,65056.1
1111,SHORT,SHORT,LONG,False,44.41,69.96,True,64921.5,65048.2
1112,SHORT,SHORT,LONG,False,43.68,69.96,True,64904.3,65011.6
1113,SHORT,SHORT,LONG,False,45.74,69.96,True,64895.0,65011.3
1114,SHORT,SHORT,LONG,False,60.86,74.64,True,64935.0,65013.2
1115,SHORT,SHORT,LONG,False,65.18,74.64,True,64853.8,65002.6
1116,SHORT,SHORT,LONG,False,62.78,74.64,True,64811.7,65096.4
1117,SHORT,SHORT,LONG,False,64.64,74.64,True,64765.1,65095.7
1118,SHORT,SHORT,LONG,False,61.27,74.64,True,64824.9,65070.9
1119,SHORT,SHORT,LONG,False,56.91,74.64,True,64905.9,65068.6
1120,SHORT,SHORT,LONG,False,55.33,74.64,True,64889.8,65073.9
1121,SHORT,SHORT,LONG,False,50.72,74.64,True,64953.1,65053.2
1122,SHORT,SHORT,SHORT,True,37.93,69.28,True,65056.1,65050.4
1123,LONG,LONG,LONG,True,53.58,74.64,True,65048.2,65104.5
1124,LONG,LONG,LONG,True,51.82,74.64,True,65011.6,65140.8
1125,LONG,LONG,LONG,True,52.49,74.64,True,65011.3,65103.7
1126,LONG,LONG,LONG,True,50.42,73.45,True,65013.2,65126.4
1127,LONG,LONG,LONG,True,55.22,74.64,True,65002.6,65124.6
1128,LONG,LONG,SHORT,False,35.84,71.07,True,65096.4,64916.4
1129,SHORT,SHORT,SHORT,True,35.12,71.07,True,65095.7,64960.0
1130,SHORT,SHORT,SHORT,True,34.71,69.28,True,65070.9,65029.5
1131,SHORT,SHORT,SHORT,True,38.81,71.07,True,65068.6,64950.9
1132,LONG,LONG,SHORT,False,41.03,69.96,True,65073.9,64984.1
1133,LONG,LONG,LONG,True,39.69,69.96,True,65053.2,65091.8
1134,LONG,LONG,LONG,True,41.97,69.96,True,65050.4,65142.0
1135,LONG,LONG,LONG,True,46.15,69.96,True,65104.5,65245.4
1136,LONG,LONG,LONG,True,47.54,69.96,True,65140.8,65293.3
1137,LONG,LONG,LONG,True,44.23,69.96,True,65103.7,65326.8
1138,LONG,LONG,LONG,True,42.49,69.96,True,65126.4,65284.3
1139,LONG,LONG,LONG,True,44.01,69.96,True,65124.6,65296.7
1140,LONG,LONG,LONG,True,47.8,69.96,True,64916.4,65291.6
1141,SHORT,SHORT,LONG,False,38.05,69.96,True,64960.0,65275.7
1142,LONG,LONG,LONG,True,40.42,72.34,True,65029.5,65382.9
1143,SHORT,SHORT,LONG,False,38.48,69.96,True,64950.9,65418.6
1144,SHORT,SHORT,LONG,False,53.87,74.64,True,64984.1,65386.3
1145,SHORT,SHORT,LONG,False,47.58,69.96,True,65091.8,65425.4
1146,LONG,LONG,LONG,True,49.33,72.34,True,65142.0,65403.8
1147,LONG,LONG,LONG,True,52.69,73.53,True,65245.4,65382.9
1148,LONG,LONG,LONG,True,55.03,73.53,True,65293.3,65361.8
1149,LONG,LONG,LONG,True,56.0,73.53,True,65326.8,65356.5
1150,LONG,LONG,LONG,True,54.06,73.53,True,65284.3,65377.5
1151,LONG,LONG,LONG,True,52.96,73.53,True,65296.7,65383.1
1152,LONG,LONG,LONG,True,52.85,73.53,True,65291.6,65350.0
1153,LONG,LONG,LONG,True,52.14,73.53,True,65275.7,65304.3
1154,LONG,LONG,SHORT,False,55.94,73.53,True,65382.9,65309.2
1155,LONG,LONG,SHORT,False,55.78,73.53,True,65418.6,65303.8
1156,LONG,LONG,SHORT,False,59.25,74.64,True,65386.3,65276.2
1157,LONG,LONG,SHORT,False,60.74,74.64,True,65425.4,65281.9
1158,LONG,LONG,SHORT,False,59.74,74.64,True,65403.8,65236.3
1159,LONG,LONG,SHORT,False,60.13,74.64,True,65382.9,65337.4
1160,LONG,LONG,SHORT,False,57.96,74.64,True,65361.8,65318.8
1161,LONG,LONG,SHORT,False,57.23,74.64,True,65356.5,65326.8
1162,LONG,LONG,SHORT,False,58.29,74.64,True,65377.5,65326.9
1163,LONG,LONG,SHORT,False,55.77,73.45,True,65383.1,65305.1
1164,LONG,LONG,SHORT,False,47.92,71.07,True,65350.0,65267.8
1165,LONG,LONG,SHORT,False,43.71,71.07,True,65304.3,65244.2
1166,LONG,LONG,SHORT,False,39.15,71.07,True,65309.2,65273.1
1167,LONG,LONG,SHORT,False,35.01,71.07,True,65303.8,65278.2
1168,SHORT,SHORT,LONG,False,38.35,71.07,True,65276.2,65284.5
1169,SHORT,SHORT,LONG,False,37.13,71.07,True,65281.9,65282.3
1170,SHORT,SHORT,LONG,False,38.39,71.07,True,65236.3,65287.9
1171,SHORT,SHORT,SHORT,True,47.88,71.07,True,65337.4,65295.8
1172,SHORT,SHORT,LONG,False,53.77,74.64,True,65318.8,65356.0
1173,LONG,LONG,LONG,True,64.39,74.64,True,65326.8,65463.6
1174,LONG,LONG,LONG,True,64.19,74.64,True,65326.9,65427.6
1175,LONG,LONG,LONG,True,58.96,71.07,True,65305.1,65425.2
1176,LONG,LONG,LONG,True,53.16,71.07,True,65267.8,65421.5
1177,SHORT,SHORT,LONG,False,37.66,71.07,True,65244.2,65463.7
1178,LONG,LONG,LONG,True,36.35,71.07,True,65273.1,65428.8
1179,LONG,LONG,LONG,True,37.96,71.07,True,65278.2,65415.1
1180,LONG,LONG,LONG,True,36.48,71.07,True,65284.5,65427.9
1181,LONG,LONG,LONG,True,35.49,71.07,True,65282.3,65441.6
1182,LONG,LONG,LONG,True,36.62,71.07,True,65287.9,65513.1
1183,LONG,LONG,LONG,True,39.55,71.07,True,65295.8,65594.9
1184,LONG,LONG,LONG,True,50.08,71.07,True,65356.0,65740.0
1185,LONG,LONG,LONG,True,55.51,73.45,True,65463.6,65693.9
1186,LONG,LONG,LONG,True,54.98,74.64,True,65427.6,65613.4
1187,LONG,LONG,LONG,True,55.16,74.64,True,65425.2,65613.7
1188,LONG,LONG,LONG,True,48.38,71.07,True,65421.5,65534.6
1189,LONG,LONG,SHORT,False,57.52,74.64,True,65463.7,65458.1
1190,LONG,LONG,SHORT,False,53.98,74.64,True,65428.8,65348.4
1191,LONG,LONG,LONG,True,50.48,73.45,True,65415.1,65423.4
1192,LONG,LONG,LONG,True,51.47,73.45,True,65427.9,65471.4
1193,LONG,LONG,LONG,True,48.32,71.07,True,65441.6,65470.0
1194,LONG,LONG,SHORT,False,50.26,71.07,True,65513.1,65406.1
1195,LONG,LONG,SHORT,False,57.3,73.45,True,65594.9,65460.1
1196,LONG,LONG,SHORT,False,60.91,74.64,True,65740.0,65410.1
1197,LONG,LONG,SHORT,False,59.63,74.64,True,65693.9,65385.6
1198,LONG,LONG,SHORT,False,53.95,74.64,True,65613.4,65326.1
1199,LONG,LONG,SHORT,False,53.93,74.64,True,65613.7,65363.1
1200,LONG,LONG,SHORT,False,51.46,74.64,True,65534.6,65375.1
1201,LONG,LONG,SHORT,False,42.84,71.07,True,65458.1,65418.6
1202,SHORT,SHORT,LONG,False,54.37,73.45,True,65348.4,65412.6
1203,SHORT,SHORT,SHORT,True,55.37,74.64,True,65423.4,65398.3
1204,SHORT,SHORT,SHORT,True,54.67,74.64,True,65471.4,65300.0
1205,SHORT,SHORT,SHORT,True,54.87,74.64,True,65470.0,65274.6
1206,SHORT,SHORT,SHORT,True,36.5,71.07,True,65406.1,65173.7
1207,SHORT,SHORT,SHORT,True,57.49,74.64,True,65460.1,65100.4
1208,SHORT,SHORT,SHORT,True,36.53,71.07,True,65410.1,65015.1
1209,SHORT,SHORT,SHORT,True,39.16,71.07,True,65385.6,64971.5
1210,SHORT,SHORT,SHORT,True,41.52,71.07,True,65326.1,64944.7
1211,SHORT,SHORT,SHORT,True,38.18,71.07,True,65363.1,64941.9
1212,SHORT,SHORT,SHORT,True,36.11,71.07,True,65375.1,64963.4
1213,SHORT,SHORT,SHORT,True,35.23,71.07,True,65418.6,65016.5
1214,SHORT,SHORT,SHORT,True,37.49,71.07,True,65412.6,65050.1
1215,SHORT,SHORT,SHORT,True,37.48,71.07,True,65398.3,65060.9
1216,SHORT,SHORT,SHORT,True,41.61,71.07,True,65300.0,65098.0
1217,SHORT,SHORT,SHORT,True,42.03,71.07,True,65274.6,65088.1
1218,SHORT,SHORT,SHORT,True,42.56,71.07,True,65173.7,65086.8
1219,SHORT,SHORT,SHORT,True,58.33,73.53,True,65100.4,65021.2
1220,SHORT,SHORT,SHORT,True,59.02,73.53,True,65015.1,64973.5
1221,SHORT,SHORT,SHORT,True,59.01,73.53,True,64971.5,64941.6
1222,SHORT,SHORT,LONG,False,62.03,73.53,True,64944.7,64984.7
1223,SHORT,SHORT,LONG,False,60.7,73.53,True,64941.9,64985.4
1224,SHORT,SHORT,LONG,False,61.55,73.53,True,64963.4,64987.8
1225,SHORT,SHORT,SHORT,True,56.84,73.53,True,65016.5,64983.2
1226,SHORT,SHORT,SHORT,True,53.58,73.53,True,65050.1,64990.0
1227,SHORT,SHORT,SHORT,True,50.59,73.53,True,65060.9,64994.4
1228,SHORT,SHORT,SHORT,True,42.32,69.96,True,65098.0,64890.0
1229,SHORT,SHORT,SHORT,True,40.74,69.96,True,65088.1,64927.8
1230,SHORT,SHORT,SHORT,True,40.21,69.96,True,65086.8,64969.5
1231,SHORT,SHORT,SHORT,True,43.19,69.96,True,65021.2,64944.0
1232,SHORT,SHORT,SHORT,True,47.72,69.96,True,64973.5,64968.6
1233,SHORT,SHORT,LONG,False,49.09,69.96,True,64941.6,65004.0
1234,SHORT,SHORT,LONG,False,51.01,72.34,True,64984.7,65011.9
1235,SHORT,SHORT,LONG,False,50.29,72.34,True,64985.4,64997.8
1236,SHORT,SHORT,SHORT,True,49.34,72.34,True,64987.8,64954.8
1237,SHORT,SHORT,SHORT,True,52.75,73.53,True,64983.2,64979.7
1238,SHORT,SHORT,SHORT,True,50.24,73.53,True,64990.0,64957.0
